file,r_idx,r_idx_2,r_major,r_minor,mean,max,min
R0_r0.glb,0,0,5,1,0.16934915759566213,0.19047619047619063,0.1538461538461536
R0_r1.glb,0,1,5,1.1333333333333333,0.19111833690543178,0.2086772486772489,0.178233618233618
R0_r2.glb,0,2,5,1.2666666666666666,0.2126967613046951,0.2251851851851854,0.20353276353276337
R0_r3.glb,0,3,5,1.4,0.23408443079345206,0.2400000000000003,0.22974358974358952
R0_r4.glb,0,4,5,1.5333333333333332,0.25528134537170266,0.2568660968660971,0.2531216931216927
R0_r5.glb,0,5,5,1.6666666666666663,0.27628750503944693,0.28490028490028513,0.2645502645502643
R0_r6.glb,0,6,5,1.8,0.2971029097966849,0.31384615384615416,0.27428571428571413
R0_r7.glb,0,7,5,1.9333333333333331,0.3177275596434165,0.3437037037037042,0.2823280423280421
R0_r8.glb,0,8,5,2.0666666666666664,0.3381614545796417,0.3744729344729349,0.28867724867724825
R0_r9.glb,0,9,5,2.2,0.35840459460536067,0.4061538461538467,0.293333333333333
R0_r10.glb,0,10,5,2.333333333333333,0.3784569797205732,0.4387464387464392,0.29629629629629595
R0_r11.glb,0,11,5,2.466666666666667,0.39831860992527945,0.4722507122507128,0.2975661375661371
R0_r12.glb,0,12,5,2.6,0.4179894852194793,0.506666666666667,0.29714285714285676
R0_r13.glb,0,13,5,2.7333333333333334,0.43746960560317283,0.5419943019943024,0.29502645502645475
R0_r14.glb,0,14,5,2.8666666666666667,0.45675897107636004,0.578233618233619,0.2912169312169308
R0_r15.glb,0,15,5,3,0.47585758163904085,0.6153846153846159,0.2857142857142855
R0_r16.glb,0,16,5,3.1333333333333333,0.49476543729121536,0.6534472934472939,0.2785185185185182
R0_r17.glb,0,17,5,3.2666666666666666,0.5134825380328836,0.6924216524216528,0.2696296296296292
R0_r18.glb,0,18,5,3.4,0.5320088838640453,0.7323076923076932,0.2590476190476188
R0_r19.glb,0,19,5,3.533333333333333,0.5503444747847008,0.773105413105414,0.2467724867724864
R0_r20.glb,0,20,5,3.6666666666666665,0.5684893107948499,0.8148148148148158,0.2328042328042326
R0_r21.glb,0,21,5,3.8,0.5864433918944927,0.8574358974358982,0.21714285714285697
R0_r22.glb,0,22,5,3.933333333333333,0.6042067180836291,0.9009686609686618,0.19978835978835963
R0_r23.glb,0,23,5,4.066666666666666,0.6217792893622592,0.9454131054131064,0.18074074074074065
R0_r24.glb,0,24,5,4.2,0.639161105730383,0.9907692307692316,0.15999999999999986
R0_r25.glb,0,25,5,4.333333333333334,0.6563521671880004,1.037037037037038,0.13756613756613734
R0_r26.glb,0,26,5,4.466666666666667,0.6733524737351114,1.0842165242165251,0.11343915343915328
R0_r27.glb,0,27,5,4.6,0.6901620253717161,1.132307692307693,0.08761904761904761
R0_r28.glb,0,28,5,4.733333333333333,0.7067808220978146,1.1813105413105427,0.06010582010582002
R0_r29.glb,0,29,5,4.866666666666667,0.7232088639134066,1.2312250712250723,0.03089947089947077
R0_r30.glb,0,30,5,5,0.7394461508184922,1.2820512820512835,0
R1_r0.glb,1,0,5.333333333333333,1,0.18099676689257232,0.20634920634920656,0.16239316239316218
R1_r1.glb,1,1,5.333333333333333,1.1333333333333333,0.20431896077526332,0.226666666666667,0.1879202279202278
R1_r2.glb,1,2,5.333333333333333,1.2666666666666666,0.227450399747448,0.2452910052910055,0.2143589743589741
R1_r3.glb,1,3,5.333333333333333,1.4,0.25039108380912634,0.26222222222222247,0.24170940170940136
R1_r4.glb,1,4,5.333333333333333,1.5333333333333332,0.2731410129602983,0.2774603174603178,0.26997150997150954
R1_r5.glb,1,5,5.333333333333333,1.6666666666666663,0.2957001872009639,0.2991452991452996,0.2910052910052906
R1_r6.glb,1,6,5.333333333333333,1.8,0.31806860653112323,0.3292307692307696,0.3028571428571425
R1_r7.glb,1,7,5.333333333333333,1.9333333333333331,0.3402462709507762,0.36022792022792044,0.3130158730158726
R1_r8.glb,1,8,5.333333333333333,2.0666666666666664,0.36223318045992275,0.3921367521367527,0.32148148148148104
R1_r9.glb,1,9,5.333333333333333,2.2,0.38402933505856307,0.4249572649572653,0.3282539682539678
R1_r10.glb,1,10,5.333333333333333,2.333333333333333,0.405634734746697,0.4586894586894592,0.3333333333333328
R1_r11.glb,1,11,5.333333333333333,2.466666666666667,0.4270493795243246,0.4933333333333338,0.33671957671957625
R1_r12.glb,1,12,5.333333333333333,2.6,0.44827326939144585,0.5288888888888895,0.3384126984126981
R1_r13.glb,1,13,5.333333333333333,2.7333333333333334,0.4693064043480607,0.5653561253561259,0.3384126984126981
R1_r14.glb,1,14,5.333333333333333,2.8666666666666667,0.4901487843941692,0.6027350427350434,0.3367195767195763
R1_r15.glb,1,15,5.333333333333333,3,0.5108004095297715,0.6410256410256416,0.333333333333333
R1_r16.glb,1,16,5.333333333333333,3.1333333333333333,0.5312612797548673,0.680227920227921,0.3282539682539679
R1_r17.glb,1,17,5.333333333333333,3.2666666666666666,0.5515313950694568,0.720341880341881,0.3214814814814811
R1_r18.glb,1,18,5.333333333333333,3.4,0.5716107554735399,0.7613675213675217,0.3130158730158726
R1_r19.glb,1,19,5.333333333333333,3.533333333333333,0.5914993609671167,0.8033048433048442,0.30285714285714244
R1_r20.glb,1,20,5.333333333333333,3.6666666666666665,0.6111972115501872,0.8461538461538474,0.29100529100529066
R1_r21.glb,1,21,5.333333333333333,3.8,0.6307043072227514,0.8899145299145309,0.27746031746031713
R1_r22.glb,1,22,5.333333333333333,3.933333333333333,0.6500206479848092,0.9345868945868956,0.26222222222222186
R1_r23.glb,1,23,5.333333333333333,4.066666666666666,0.6691462338363606,0.9801709401709406,0.2452910052910049
R1_r24.glb,1,24,5.333333333333333,4.2,0.6880810647774057,1.026666666666668,0.2266666666666664
R1_r25.glb,1,25,5.333333333333333,4.333333333333334,0.7068251408079447,1.0740740740740755,0.20634920634920603
R1_r26.glb,1,26,5.333333333333333,4.466666666666667,0.725378461927977,1.1223931623931636,0.18433862433862408
R1_r27.glb,1,27,5.333333333333333,4.6,0.743741028137503,1.1716239316239327,0.1606349206349204
R1_r28.glb,1,28,5.333333333333333,4.733333333333333,0.7619128394365228,1.221766381766383,0.135238095238095
R1_r29.glb,1,29,5.333333333333333,4.866666666666667,0.7798938958250362,1.272820512820514,0.1081481481481479
R1_r30.glb,1,30,5.333333333333333,5,0.7976841973030432,1.324786324786326,0.07936507936507921
R2_r0.glb,2,0,5.666666666666667,1,0.19264437618948255,0.22222222222222252,0.17094017094017078
R2_r1.glb,2,1,5.666666666666667,1.1333333333333333,0.2175195846450949,0.24465608465608493,0.19760683760683745
R2_r2.glb,2,2,5.666666666666667,1.2666666666666666,0.24220403819020095,0.26539682539682563,0.22518518518518493
R2_r3.glb,2,3,5.666666666666667,1.4,0.26669773682480064,0.28444444444444467,0.2536752136752133
R2_r4.glb,2,4,5.666666666666667,1.5333333333333332,0.291000680548894,0.3017989417989421,0.2830769230769226
R2_r5.glb,2,5,5.666666666666667,1.6666666666666663,0.31511286936248095,0.31746031746031766,0.3133903133903131
R2_r6.glb,2,6,5.666666666666667,1.8,0.33903430326556167,0.34461538461538505,0.3314285714285712
R2_r7.glb,2,7,5.666666666666667,1.9333333333333331,0.36276498225813597,0.3767521367521371,0.3437037037037034
R2_r8.glb,2,8,5.666666666666667,2.0666666666666664,0.3863049063402039,0.40980056980057017,0.35428571428571387
R2_r9.glb,2,9,5.666666666666667,2.2,0.4096540755117656,0.4437606837606842,0.3631746031746027
R2_r10.glb,2,10,5.666666666666667,2.333333333333333,0.43281248977282083,0.47863247863247904,0.37037037037036985
R2_r11.glb,2,11,5.666666666666667,2.466666666666667,0.4557801491233698,0.5144159544159547,0.3758730158730156
R2_r12.glb,2,12,5.666666666666667,2.6,0.4785570535634124,0.551111111111112,0.3796825396825394
R2_r13.glb,2,13,5.666666666666667,2.7333333333333334,0.5011432030929487,0.5887179487179495,0.3817989417989413
R2_r14.glb,2,14,5.666666666666667,2.8666666666666667,0.5235385977119785,0.6272364672364679,0.3822222222222217
R2_r15.glb,2,15,5.666666666666667,3,0.5457432374205021,0.6666666666666677,0.3809523809523806
R2_r16.glb,2,16,5.666666666666667,3.1333333333333333,0.5677571222185194,0.7070085470085478,0.3779894179894175
R2_r17.glb,2,17,5.666666666666667,3.2666666666666666,0.5895802521060302,0.7482621082621089,0.373333333333333
R2_r18.glb,2,18,5.666666666666667,3.4,0.6112126270830347,0.7904273504273511,0.36698412698412664
R2_r19.glb,2,19,5.666666666666667,3.533333333333333,0.6326542471495329,0.8335042735042743,0.3589417989417987
R2_r20.glb,2,20,5.666666666666667,3.6666666666666665,0.6539051123055247,0.8774928774928782,0.34920634920634896
R2_r21.glb,2,21,5.666666666666667,3.8,0.6749652225510102,0.9223931623931634,0.3377777777777775
R2_r22.glb,2,22,5.666666666666667,3.933333333333333,0.6958345778859893,0.9682051282051288,0.3246560846560844
R2_r23.glb,2,23,5.666666666666667,4.066666666666666,0.7165131783104622,1.014928774928776,0.3098412698412695
R2_r24.glb,2,24,5.666666666666667,4.2,0.7370010238244288,1.0625641025641035,0.29333333333333295
R2_r25.glb,2,25,5.666666666666667,4.333333333333334,0.7572981144278889,1.1111111111111125,0.2751322751322748
R2_r26.glb,2,26,5.666666666666667,4.466666666666667,0.7774044501208426,1.1605698005698015,0.25523809523809504
R2_r27.glb,2,27,5.666666666666667,4.6,0.79732003090329,1.2109401709401717,0.2336507936507936
R2_r28.glb,2,28,5.666666666666667,4.733333333333333,0.8170448567752312,1.2622222222222237,0.2103703703703702
R2_r29.glb,2,29,5.666666666666667,4.866666666666667,0.836578927736666,1.3144159544159564,0.18539682539682523
R2_r30.glb,2,30,5.666666666666667,5,0.8559222437875943,1.367521367521369,0.15873015873015858
R3_r0.glb,3,0,6,1,0.20429198548639274,0.2380952380952384,0.17948717948717932
R3_r1.glb,3,1,6,1.1333333333333333,0.23072020851492647,0.2626455026455028,0.20729344729344695
R3_r2.glb,3,2,6,1.2666666666666666,0.2569576766329538,0.28550264550264587,0.23601139601139573
R3_r3.glb,3,3,6,1.4,0.2830043898404749,0.30666666666666687,0.2656410256410254
R3_r4.glb,3,4,6,1.5333333333333332,0.3088603481374896,0.32613756613756645,0.2961823361823357
R3_r5.glb,3,5,6,1.6666666666666663,0.334525551523998,0.3439153439153442,0.3276353276353271
R3_r6.glb,3,6,6,1.8,0.36,0.3600000000000033,0.35999999999999693
R3_r7.glb,3,7,6,1.9333333333333331,0.3852836935654957,0.3932763532763537,0.374391534391534
R3_r8.glb,3,8,6,2.0666666666666664,0.410376632220485,0.427464387464388,0.3870899470899467
R3_r9.glb,3,9,6,2.2,0.435278815964968,0.462564102564103,0.3980952380952376
R3_r10.glb,3,10,6,2.333333333333333,0.45999024479894457,0.498575498575499,0.40740740740740705
R3_r11.glb,3,11,6,2.466666666666667,0.484510918722415,0.5354985754985763,0.4150264550264545
R3_r12.glb,3,12,6,2.6,0.5088408377353789,0.5733333333333338,0.42095238095238047
R3_r13.glb,3,13,6,2.7333333333333334,0.5329800018378366,0.6120797720797726,0.4251851851851846
R3_r14.glb,3,14,6,2.8666666666666667,0.5569284110297877,0.6517378917378924,0.4277248677248672
R3_r15.glb,3,15,6,3,0.5806860653112327,0.6923076923076933,0.4285714285714281
R3_r16.glb,3,16,6,3.1333333333333333,0.6042529646821713,0.7337891737891746,0.4277248677248673
R3_r17.glb,3,17,6,3.2666666666666666,0.6276291091426035,0.7761823361823368,0.4251851851851846
R3_r18.glb,3,18,6,3.4,0.6508144986925294,0.8194871794871805,0.4209523809523806
R3_r19.glb,3,19,6,3.533333333333333,0.6738091333319489,0.8637037037037045,0.41502645502645447
R3_r20.glb,3,20,6,3.6666666666666665,0.6966130130608621,0.9088319088319096,0.40740740740740705
R3_r21.glb,3,21,6,3.8,0.719226137879269,0.954871794871796,0.3980952380952377
R3_r22.glb,3,22,6,3.933333333333333,0.7416485077871695,1.0018233618233627,0.3870899470899467
R3_r23.glb,3,23,6,4.066666666666666,0.7638801227845636,1.0496866096866104,0.3743915343915341
R3_r24.glb,3,24,6,4.2,0.7859209828714516,1.0984615384615393,0.35999999999999954
R3_r25.glb,3,25,6,4.333333333333334,0.807771088047833,1.1481481481481497,0.34391534391534356
R3_r26.glb,3,26,6,4.466666666666667,0.8294304383137082,1.1987464387464395,0.32613756613756584
R3_r27.glb,3,27,6,4.6,0.8508990336690768,1.2502564102564118,0.30666666666666625
R3_r28.glb,3,28,6,4.733333333333333,0.8721768741139394,1.3026780626780643,0.28550264550264504
R3_r29.glb,3,29,6,4.866666666666667,0.8932639596482955,1.3560113960113975,0.26264550264550235
R3_r30.glb,3,30,6,5,0.9141602902721453,1.4102564102564124,0.23809523809523792
R4_r0.glb,4,0,6.333333333333333,1,0.21593959478330293,0.2539682539682543,0.1880341880341879
R4_r1.glb,4,1,6.333333333333333,1.1333333333333333,0.243920832384758,0.2806349206349211,0.2169800569800567
R4_r2.glb,4,2,6.333333333333333,1.2666666666666666,0.2717113150757068,0.3056084656084659,0.24683760683760655
R4_r3.glb,4,3,6.333333333333333,1.4,0.2993110428561492,0.32888888888888906,0.27760683760683713
R4_r4.glb,4,4,6.333333333333333,1.5333333333333332,0.3267200157260852,0.35047619047619083,0.30928774928774877
R4_r5.glb,4,5,6.333333333333333,1.6666666666666663,0.3539382336855149,0.3703703703703707,0.34188034188034166
R4_r6.glb,4,6,6.333333333333333,1.8,0.38096569673443836,0.3885714285714289,0.375384615384615
R4_r7.glb,4,7,6.333333333333333,1.9333333333333331,0.4078024048728554,0.40980056980056995,0.4050793650793647
R4_r8.glb,4,8,6.333333333333333,2.0666666666666664,0.434448358100766,0.4451282051282054,0.4198941798941794
R4_r9.glb,4,9,6.333333333333333,2.2,0.46090355641817043,0.481367521367522,0.4330158730158726
R4_r10.glb,4,10,6.333333333333333,2.333333333333333,0.48716799982506837,0.5185185185185192,0.444444444444444
R4_r11.glb,4,11,6.333333333333333,2.466666666666667,0.5132416883214601,0.5565811965811972,0.4541798941798936
R4_r12.glb,4,12,6.333333333333333,2.6,0.5391246219073454,0.5955555555555562,0.4622222222222219
R4_r13.glb,4,13,6.333333333333333,2.7333333333333334,0.5648168005827243,0.6354415954415961,0.468571428571428
R4_r14.glb,4,14,6.333333333333333,2.8666666666666667,0.590318224347597,0.6762393162393168,0.4732275132275128
R4_r15.glb,4,15,6.333333333333333,3,0.6156288932019632,0.7179487179487184,0.4761904761904756
R4_r16.glb,4,16,6.333333333333333,3.1333333333333333,0.6407488071458232,0.7605698005698014,0.4774603174603169
R4_r17.glb,4,17,6.333333333333333,3.2666666666666666,0.6656779661791767,0.8041025641025646,0.4770370370370365
R4_r18.glb,4,18,6.333333333333333,3.4,0.690416370302024,0.8485470085470092,0.4749206349206343
R4_r19.glb,4,19,6.333333333333333,3.533333333333333,0.714964019514365,0.8939031339031348,0.47111111111111054
R4_r20.glb,4,20,6.333333333333333,3.6666666666666665,0.7393209138161995,0.9401709401709412,0.46560846560846514
R4_r21.glb,4,21,6.333333333333333,3.8,0.7634870532075277,0.9873504273504288,0.4584126984126976
R4_r22.glb,4,22,6.333333333333333,3.933333333333333,0.7874624376883496,1.035441595441596,0.4495238095238089
R4_r23.glb,4,23,6.333333333333333,4.066666666666666,0.8112470672586651,1.084444444444445,0.4389417989417984
R4_r24.glb,4,24,6.333333333333333,4.2,0.8348409419184744,1.1343589743589757,0.42666666666666614
R4_r25.glb,4,25,6.333333333333333,4.333333333333334,0.8582440616677773,1.1851851851851865,0.41269841269841206
R4_r26.glb,4,26,6.333333333333333,4.466666666666667,0.8814564265065737,1.236923076923078,0.39703703703703663
R4_r27.glb,4,27,6.333333333333333,4.6,0.9044780364348638,1.289572649572651,0.3796825396825391
R4_r28.glb,4,28,6.333333333333333,4.733333333333333,0.9273088914526476,1.343133903133905,0.3606349206349203
R4_r29.glb,4,29,6.333333333333333,4.866666666666667,0.9499489915599252,1.3976068376068382,0.33989417989417936
R4_r30.glb,4,30,6.333333333333333,5,0.9723983367566963,1.452991452991454,0.317460317460317
R5_r0.glb,5,0,6.666666666666666,1,0.22758720408021313,0.26984126984127016,0.19658119658119633
R5_r1.glb,5,1,6.666666666666666,1.1333333333333333,0.2571214562545896,0.2986243386243389,0.22666666666666627
R5_r2.glb,5,2,6.666666666666666,1.2666666666666666,0.2864649535184597,0.325714285714286,0.2576638176638174
R5_r3.glb,5,3,6.666666666666666,1.4,0.3156176958718234,0.3511111111111115,0.2895726495726492
R5_r4.glb,5,4,6.666666666666666,1.5333333333333332,0.3445796833146808,0.3748148148148152,0.32239316239316196
R5_r5.glb,5,5,6.666666666666666,1.6666666666666663,0.37335091584703195,0.39682539682539714,0.35612535612535556
R5_r6.glb,5,6,6.666666666666666,1.8,0.4019313934688767,0.4171428571428577,0.39076923076923065
R5_r7.glb,5,7,6.666666666666666,1.9333333333333331,0.43032111618021507,0.4357671957671961,0.4263247863247858
R5_r8.glb,5,8,6.666666666666666,2.0666666666666664,0.4585200839810471,0.4627920227920229,0.4526984126984122
R5_r9.glb,5,9,6.666666666666666,2.2,0.48652829687137283,0.5001709401709408,0.4679365079365075
R5_r10.glb,5,10,6.666666666666666,2.333333333333333,0.5143457548511922,0.5384615384615394,0.4814814814814808
R5_r11.glb,5,11,6.666666666666666,2.466666666666667,0.5419724579205053,0.5776638176638181,0.4933333333333326
R5_r12.glb,5,12,6.666666666666666,2.6,0.5694084060793119,0.6177777777777784,0.5034920634920628
R5_r13.glb,5,13,6.666666666666666,2.7333333333333334,0.5966535993276122,0.6588034188034193,0.5119576719576714
R5_r14.glb,5,14,6.666666666666666,2.8666666666666667,0.6237080376654062,0.7007407407407416,0.5187301587301583
R5_r15.glb,5,15,6.666666666666666,3,0.6505717210926939,0.7435897435897442,0.5238095238095234
R5_r16.glb,5,16,6.666666666666666,3.1333333333333333,0.6772446496094752,0.7873504273504283,0.5271957671957667
R5_r17.glb,5,17,6.666666666666666,3.2666666666666666,0.7037268232157501,0.832022792022793,0.5288888888888881
R5_r18.glb,5,18,6.666666666666666,3.4,0.7300182419115187,0.8776068376068384,0.5288888888888882
R5_r19.glb,5,19,6.666666666666666,3.533333333333333,0.756118905696781,0.9241025641025647,0.5271957671957664
R5_r20.glb,5,20,6.666666666666666,3.6666666666666665,0.7820288145715368,0.9715099715099724,0.523809523809523
R5_r21.glb,5,21,6.666666666666666,3.8,0.8077479685357865,1.0198290598290602,0.5187301587301579
R5_r22.glb,5,22,6.666666666666666,3.933333333333333,0.8332763675895297,1.0690598290598303,0.5119576719576715
R5_r23.glb,5,23,6.666666666666666,4.066666666666666,0.8586140117327665,1.1192022792022802,0.5034920634920629
R5_r24.glb,5,24,6.666666666666666,4.2,0.8837609009654972,1.1702564102564117,0.4933333333333326
R5_r25.glb,5,25,6.666666666666666,4.333333333333334,0.9087170352877214,1.222222222222224,0.4814814814814808
R5_r26.glb,5,26,6.666666666666666,4.466666666666667,0.9334824146994393,1.2750997150997163,0.4679365079365074
R5_r27.glb,5,27,6.666666666666666,4.6,0.9580570392006507,1.32888888888889,0.45269841269841227
R5_r28.glb,5,28,6.666666666666666,4.733333333333333,0.9824409087913558,1.3835897435897446,0.4357671957671952
R5_r29.glb,5,29,6.666666666666666,4.866666666666667,1.0066340234715547,1.4392022792022805,0.4171428571428565
R5_r30.glb,5,30,6.666666666666666,5,1.0306363832412473,1.495726495726498,0.3968253968253963
R6_r0.glb,6,0,7,1,0.23923481337712335,0.28571428571428603,0.20512820512820495
R6_r1.glb,6,1,7,1.1333333333333333,0.27032208012442116,0.31661375661375696,0.23635327635327605
R6_r2.glb,6,2,7,1.2666666666666666,0.30121859196121265,0.34582010582010614,0.26849002849002823
R6_r3.glb,6,3,7,1.4,0.3319243488874977,0.3733333333333337,0.3015384615384612
R6_r4.glb,6,4,7,1.5333333333333332,0.3624393509032765,0.3991534391534397,0.3354985754985752
R6_r5.glb,6,5,7,1.6666666666666663,0.392763598008549,0.42328042328042376,0.3703703703703698
R6_r6.glb,6,6,7,1.8,0.4228970902033151,0.44571428571428606,0.40615384615384575
R6_r7.glb,6,7,7,1.9333333333333331,0.45283982748757484,0.46645502645502707,0.4428490028490024
R6_r8.glb,6,8,7,2.0666666666666664,0.4825918098613282,0.485502645502646,0.4804558404558399
R6_r9.glb,6,9,7,2.2,0.5121530373245754,0.5189743589743595,0.5028571428571423
R6_r10.glb,6,10,7,2.333333333333333,0.541523509877316,0.5584045584045587,0.518518518518518
R6_r11.glb,6,11,7,2.466666666666667,0.5707032275195505,0.5987464387464395,0.5324867724867719
R6_r12.glb,6,12,7,2.6,0.5996921902512785,0.6400000000000005,0.5447619047619042
R6_r13.glb,6,13,7,2.7333333333333334,0.6284903980725002,0.6821652421652429,0.5553439153439147
R6_r14.glb,6,14,7,2.8666666666666667,0.6570978509832155,0.7252421652421661,0.5642328042328036
R6_r15.glb,6,15,7,3,0.6855145489834246,0.7692307692307702,0.5714285714285711
R6_r16.glb,6,16,7,3.1333333333333333,0.7137404920731272,0.8141310541310551,0.5769312169312162
R6_r17.glb,6,17,7,3.2666666666666666,0.7417756802523235,0.8599430199430205,0.5807407407407401
R6_r18.glb,6,18,7,3.4,0.7696201135210134,0.906666666666668,0.5828571428571423
R6_r19.glb,6,19,7,3.533333333333333,0.7972737918791971,0.9543019943019952,0.5832804232804225
R6_r20.glb,6,20,7,3.6666666666666665,0.8247367153268743,1.0028490028490038,0.5820105820105815
R6_r21.glb,6,21,7,3.8,0.8520088838640453,1.0523076923076935,0.5790476190476186
R6_r22.glb,6,22,7,3.933333333333333,0.8790902974907099,1.102678062678064,0.574391534391534
R6_r23.glb,6,23,7,4.066666666666666,0.9059809562068681,1.1539601139601148,0.5680423280423271
R6_r24.glb,6,24,7,4.2,0.9326808600125202,1.2061538461538466,0.5599999999999994
R6_r25.glb,6,25,7,4.333333333333334,0.9591900089076657,1.2592592592592606,0.5502645502645496
R6_r26.glb,6,26,7,4.466666666666667,0.9855084028923049,1.3132763532763547,0.538835978835978
R6_r27.glb,6,27,7,4.6,1.0116360419664376,1.3682051282051293,0.5257142857142852
R6_r28.glb,6,28,7,4.733333333333333,1.0375729261300644,1.4240455840455863,0.5108994708994703
R6_r29.glb,6,29,7,4.866666666666667,1.0633190553831846,1.480797720797723,0.49439153439153377
R6_r30.glb,6,30,7,5,1.0888744297257984,1.53846153846154,0.47619047619047583
R7_r0.glb,7,0,7.333333333333333,1,0.25088242267403355,0.30158730158730196,0.21367521367521325
R7_r1.glb,7,1,7.333333333333333,1.1333333333333333,0.2835227039942527,0.334603174603175,0.24603988603988583
R7_r2.glb,7,2,7.333333333333333,1.2666666666666666,0.31597223040396555,0.3659259259259263,0.27931623931623895
R7_r3.glb,7,3,7.333333333333333,1.4,0.348231001903172,0.3955555555555558,0.31350427350427307
R7_r4.glb,7,4,7.333333333333333,1.5333333333333332,0.3802990184918722,0.42349206349206386,0.3486039886039882
R7_r5.glb,7,5,7.333333333333333,1.6666666666666663,0.41217628017006597,0.44973544973545015,0.3846153846153843
R7_r6.glb,7,6,7.333333333333333,1.8,0.44386278693775344,0.47428571428571487,0.421538461538461
R7_r7.glb,7,7,7.333333333333333,1.9333333333333331,0.47535853879493456,0.4971428571428576,0.4593732193732186
R7_r8.glb,7,8,7.333333333333333,2.0666666666666664,0.5066635357416093,0.5183068783068789,0.49811965811965736
R7_r9.glb,7,9,7.333333333333333,2.2,0.5377777777777778,0.5377777777777818,0.5377777777777724
R7_r10.glb,7,10,7.333333333333333,2.333333333333333,0.5687012649034398,0.5783475783475789,0.5555555555555547
R7_r11.glb,7,11,7.333333333333333,2.466666666666667,0.5994339971185956,0.6198290598290608,0.5716402116402106
R7_r12.glb,7,12,7.333333333333333,2.6,0.629975974423245,0.6622222222222227,0.5860317460317455
R7_r13.glb,7,13,7.333333333333333,2.7333333333333334,0.660327196817388,0.7055270655270661,0.5987301587301582
R7_r14.glb,7,14,7.333333333333333,2.8666666666666667,0.6904876643010247,0.7497435897435905,0.6097354497354491
R7_r15.glb,7,15,7.333333333333333,3,0.7204573768741551,0.7948717948717956,0.6190476190476184
R7_r16.glb,7,16,7.333333333333333,3.1333333333333333,0.7502363345367791,0.8409116809116818,0.6266666666666657
R7_r17.glb,7,17,7.333333333333333,3.2666666666666666,0.7798245372888968,0.8878632478632489,0.6325925925925918
R7_r18.glb,7,18,7.333333333333333,3.4,0.809221985130508,0.9357264957264964,0.6368253968253957
R7_r19.glb,7,19,7.333333333333333,3.533333333333333,0.838428678061613,0.9845014245014256,0.6393650793650785
R7_r20.glb,7,20,7.333333333333333,3.6666666666666665,0.8674446160822117,1.0341880341880358,0.6402116402116393
R7_r21.glb,7,21,7.333333333333333,3.8,0.896269799192304,1.084786324786326,0.6393650793650787
R7_r22.glb,7,22,7.333333333333333,3.933333333333333,0.9249042273918899,1.136296296296297,0.6368253968253961
R7_r23.glb,7,23,7.333333333333333,4.066666666666666,0.9533479006809696,1.1887179487179496,0.6325925925925917
R7_r24.glb,7,24,7.333333333333333,4.2,0.9816008190595429,1.2420512820512832,0.6266666666666658
R7_r25.glb,7,25,7.333333333333333,4.333333333333334,1.00966298252761,1.2962962962962978,0.6190476190476184
R7_r26.glb,7,26,7.333333333333333,4.466666666666667,1.0375343910851704,1.3514529914529927,0.6097354497354488
R7_r27.glb,7,27,7.333333333333333,4.6,1.0652150447322246,1.4075213675213687,0.598730158730158
R7_r28.glb,7,28,7.333333333333333,4.733333333333333,1.0927049434687726,1.4645014245014272,0.5860317460317455
R7_r29.glb,7,29,7.333333333333333,4.866666666666667,1.1200040872948143,1.5223931623931648,0.5716402116402108
R7_r30.glb,7,30,7.333333333333333,5,1.1471124762103493,1.5811965811965825,0.5555555555555549
R8_r0.glb,8,0,7.666666666666666,1,0.2625300319709437,0.3174603174603179,0.222222222222222
R8_r1.glb,8,1,7.666666666666666,1.1333333333333333,0.2967233278640843,0.35259259259259285,0.2557264957264952
R8_r2.glb,8,2,7.666666666666666,1.2666666666666666,0.33072586884671845,0.3860317460317465,0.29014245014245
R8_r3.glb,8,3,7.666666666666666,1.4,0.3645376549188463,0.4177777777777782,0.3254700854700851
R8_r4.glb,8,4,7.666666666666666,1.5333333333333332,0.3981586860804677,0.44783068783068825,0.36170940170940136
R8_r5.glb,8,5,7.666666666666666,1.6666666666666663,0.43158896233158295,0.47619047619047655,0.3988603988603981
R8_r6.glb,8,6,7.666666666666666,1.8,0.4648284836721918,0.5028571428571433,0.4369230769230766
R8_r7.glb,8,7,7.666666666666666,1.9333333333333331,0.4978772501022943,0.5278306878306883,0.4758974358974355
R8_r8.glb,8,8,7.666666666666666,2.0666666666666664,0.5307352616218903,0.5511111111111116,0.5157834757834749
R8_r9.glb,8,9,7.666666666666666,2.2,0.5634025182309802,0.5726984126984133,0.5565811965811962
R8_r10.glb,8,10,7.666666666666666,2.333333333333333,0.5958790199295635,0.5982905982905993,0.5925925925925919
R8_r11.glb,8,11,7.666666666666666,2.466666666666667,0.6281647667176408,0.6409116809116817,0.6107936507936502
R8_r12.glb,8,12,7.666666666666666,2.6,0.6602597585952115,0.684444444444445,0.6273015873015864
R8_r13.glb,8,13,7.666666666666666,2.7333333333333334,0.6921639955622759,0.7288888888888895,0.6421164021164014
R8_r14.glb,8,14,7.666666666666666,2.8666666666666667,0.7238774776188339,0.7742450142450151,0.6552380952380944
R8_r15.glb,8,15,7.666666666666666,3,0.7554002047648857,0.8205128205128212,0.666666666666666
R8_r16.glb,8,16,7.666666666666666,3.1333333333333333,0.7867321770004311,0.8676923076923088,0.6764021164021157
R8_r17.glb,8,17,7.666666666666666,3.2666666666666666,0.8178733943254701,0.915783475783477,0.6844444444444436
R8_r18.glb,8,18,7.666666666666666,3.4,0.8488238567400027,0.964786324786326,0.69079365079365
R8_r19.glb,8,19,7.666666666666666,3.533333333333333,0.8795835642440292,1.0147008547008554,0.6954497354497345
R8_r20.glb,8,20,7.666666666666666,3.6666666666666665,0.9101525168375492,1.0655270655270666,0.6984126984126976
R8_r21.glb,8,21,7.666666666666666,3.8,0.9405307145205628,1.1172649572649582,0.6996825396825388
R8_r22.glb,8,22,7.666666666666666,3.933333333333333,0.9707181572930701,1.169914529914531,0.6992592592592587
R8_r23.glb,8,23,7.666666666666666,4.066666666666666,1.0007148451550711,1.2234757834757843,0.6971428571428561
R8_r24.glb,8,24,7.666666666666666,4.2,1.0305207781065657,1.2779487179487197,0.6933333333333325
R8_r25.glb,8,25,7.666666666666666,4.333333333333334,1.060135956147554,1.3333333333333348,0.6878306878306871
R8_r26.glb,8,26,7.666666666666666,4.466666666666667,1.089560379278036,1.3896296296296302,0.68063492063492
R8_r27.glb,8,27,7.666666666666666,4.6,1.1187940474980114,1.446837606837608,0.6717460317460311
R8_r28.glb,8,28,7.666666666666666,4.733333333333333,1.1478369608074808,1.5049572649572662,0.6611640211640203
R8_r29.glb,8,29,7.666666666666666,4.866666666666667,1.176689119206444,1.5639886039886053,0.648888888888888
R8_r30.glb,8,30,7.666666666666666,5,1.2053505226949002,1.6239316239316255,0.634920634920634
R9_r0.glb,9,0,8,1,0.27417764126785393,0.33333333333333354,0.23076923076923053
R9_r1.glb,9,1,8,1.1333333333333333,0.30992395173391585,0.3705820105820109,0.265413105413105
R9_r2.glb,9,2,8,1.2666666666666666,0.3454795072894714,0.40613756613756663,0.30096866096866054
R9_r3.glb,9,3,8,1.4,0.3808443079345206,0.44000000000000034,0.33743589743589697
R9_r4.glb,9,4,8,1.5333333333333332,0.4160183536690635,0.47216931216931246,0.3748148148148144
R9_r5.glb,9,5,8,1.6666666666666663,0.4510016444931,0.5026455026455031,0.4131054131054124
R9_r6.glb,9,6,8,1.8,0.4857941804066302,0.531428571428572,0.45230769230769174
R9_r7.glb,9,7,8,1.9333333333333331,0.520395961409654,0.5585185185185191,0.492421652421652
R9_r8.glb,9,8,8,2.0666666666666664,0.5548069875021715,0.5839153439153444,0.5334472934472927
R9_r9.glb,9,9,8,2.2,0.5890272586841827,0.6076190476190484,0.5753846153846147
R9_r10.glb,9,10,8,2.333333333333333,0.6230567749556875,0.6296296296296303,0.6182336182336171
R9_r11.glb,9,11,8,2.466666666666667,0.656895536316686,0.6619943019943028,0.6499470899470892
R9_r12.glb,9,12,8,2.6,0.6905435427671781,0.7066666666666676,0.668571428571428
R9_r13.glb,9,13,8,2.7333333333333334,0.7240007943071639,0.752250712250713,0.6855026455026447
R9_r14.glb,9,14,8,2.8666666666666667,0.7572672909366432,0.7987464387464397,0.7007407407407398
R9_r15.glb,9,15,8,3,0.7903430326556163,0.8461538461538476,0.7142857142857133
R9_r16.glb,9,16,8,3.1333333333333333,0.8232280194640831,0.8944729344729354,0.7261375661375655
R9_r17.glb,9,17,8,3.2666666666666666,0.8559222513620435,0.9437037037037044,0.7362962962962958
R9_r18.glb,9,18,8,3.4,0.8884257283494975,0.993846153846155,0.7447619047619042
R9_r19.glb,9,19,8,3.533333333333333,0.9207384504264452,1.0449002849002853,0.7515343915343908
R9_r20.glb,9,20,8,3.6666666666666665,0.9528604175928865,1.0968660968660984,0.7566137566137557
R9_r21.glb,9,21,8,3.8,0.9847916298488216,1.149743589743591,0.7599999999999992
R9_r22.glb,9,22,8,3.933333333333333,1.0165320871942503,1.2035327635327646,0.7616931216931208
R9_r23.glb,9,23,8,4.066666666666666,1.0480817896291725,1.2582336182336202,0.761693121693121
R9_r24.glb,9,24,8,4.2,1.0794407371535888,1.3138461538461554,0.7599999999999989
R9_r25.glb,9,25,8,4.333333333333334,1.1106089297674984,1.3703703703703718,0.756613756613756
R9_r26.glb,9,26,8,4.466666666666667,1.1415863674709017,1.4278062678062686,0.7515343915343907
R9_r27.glb,9,27,8,4.6,1.1723730502637983,1.4861538461538486,0.7447619047619041
R9_r28.glb,9,28,8,4.733333333333333,1.2029689781461892,1.5454131054131073,0.7362962962962952
R9_r29.glb,9,29,8,4.866666666666667,1.2333741511180736,1.6055840455840478,0.7261375661375652
R9_r30.glb,9,30,8,5,1.2635885691794513,1.666666666666667,0.7142857142857133
R10_r0.glb,10,0,8.333333333333332,1,0.2858252505647641,0.3492063492063496,0.23931623931623897
R10_r1.glb,10,1,8.333333333333332,1.1333333333333333,0.32312457560374735,0.3885714285714288,0.2750997150997146
R10_r2.glb,10,2,8.333333333333332,1.2666666666666666,0.36023314573222426,0.4262433862433866,0.31179487179487125
R10_r3.glb,10,3,8.333333333333332,1.4,0.3971509609501948,0.46222222222222253,0.3494017094017089
R10_r4.glb,10,4,8.333333333333332,1.5333333333333332,0.433878021257659,0.49650793650793695,0.3879202279202274
R10_r5.glb,10,5,8.333333333333332,1.6666666666666663,0.4704143266546169,0.5291005291005296,0.4273504273504268
R10_r6.glb,10,6,8.333333333333332,1.8,0.5067598771410685,0.5600000000000007,0.4676923076923072
R10_r7.glb,10,7,8.333333333333332,1.9333333333333331,0.5429146727170137,0.5892063492063496,0.5089458689458684
R10_r8.glb,10,8,8.333333333333332,2.0666666666666664,0.5788787133824524,0.6167195767195771,0.5511111111111104
R10_r9.glb,10,9,8.333333333333332,2.2,0.6146519991373851,0.6425396825396835,0.5941880341880336
R10_r10.glb,10,10,8.333333333333332,2.333333333333333,0.6502345299818111,0.6666666666666675,0.6381766381766371
R10_r11.glb,10,11,8.333333333333332,2.466666666666667,0.685626305915731,0.6891005291005294,0.6830769230769222
R10_r12.glb,10,12,8.333333333333332,2.6,0.7208273269391445,0.7288888888888897,0.7098412698412688
R10_r13.glb,10,13,8.333333333333332,2.7333333333333334,0.7558375930520517,0.7756125356125363,0.7288888888888879
R10_r14.glb,10,14,8.333333333333332,2.8666666666666667,0.7906571042544523,0.8232478632478638,0.7462433862433853
R10_r15.glb,10,15,8.333333333333332,3,0.8252858605463468,0.8717948717948728,0.7619047619047609
R10_r16.glb,10,16,8.333333333333332,3.1333333333333333,0.859723861927735,0.921253561253562,0.775873015873015
R10_r17.glb,10,17,8.333333333333332,3.2666666666666666,0.8939711083986167,0.9716239316239323,0.7881481481481468
R10_r18.glb,10,18,8.333333333333332,3.4,0.9280275999589921,1.022905982905984,0.7987301587301576
R10_r19.glb,10,19,8.333333333333332,3.533333333333333,0.9618933366088611,1.075099715099716,0.8076190476190465
R10_r20.glb,10,20,8.333333333333332,3.6666666666666665,0.9955683183482238,1.1282051282051289,0.8148148148148138
R10_r21.glb,10,21,8.333333333333332,3.8,1.0290525451770802,1.182222222222223,0.820317460317459
R10_r22.glb,10,22,8.333333333333332,3.933333333333333,1.0623460170954302,1.2371509971509986,0.8241269841269832
R10_r23.glb,10,23,8.333333333333332,4.066666666666666,1.095448734103274,1.292991452991454,0.826243386243385
R10_r24.glb,10,24,8.333333333333332,4.2,1.1283606962006114,1.3497435897435908,0.8266666666666653
R10_r25.glb,10,25,8.333333333333332,4.333333333333334,1.1610819033874424,1.4074074074074092,0.8253968253968241
R10_r26.glb,10,26,8.333333333333332,4.466666666666667,1.193612355663767,1.4659829059829073,0.8224338624338615
R10_r27.glb,10,27,8.333333333333332,4.6,1.225952053029585,1.5254700854700871,0.8177777777777769
R10_r28.glb,10,28,8.333333333333332,4.733333333333333,1.2581009954848974,1.585868945868948,0.8114285714285702
R10_r29.glb,10,29,8.333333333333332,4.866666666666667,1.290059183029703,1.6471794871794891,0.8033862433862422
R10_r30.glb,10,30,8.333333333333332,5,1.3218266156640022,1.709401709401711,0.7936507936507926
R11_r0.glb,11,0,8.666666666666666,1,0.2974728598616743,0.3650793650793656,0.2478632478632475
R11_r1.glb,11,1,8.666666666666666,1.1333333333333333,0.336325199473579,0.40656084656084696,0.28478632478632415
R11_r2.glb,11,2,8.666666666666666,1.2666666666666666,0.3749867841749772,0.4463492063492069,0.32262108262108236
R11_r3.glb,11,3,8.666666666666666,1.4,0.41345761396586916,0.48444444444444473,0.36136752136752087
R11_r4.glb,11,4,8.666666666666666,1.5333333333333332,0.4517376888462547,0.5208465608465613,0.40102564102564053
R11_r5.glb,11,5,8.666666666666666,1.6666666666666663,0.489827008816134,0.5555555555555556,0.4415954415954408
R11_r6.glb,11,6,8.666666666666666,1.8,0.5277255738755069,0.5885714285714292,0.4830769230769227
R11_r7.glb,11,7,8.666666666666666,1.9333333333333331,0.5654333840243735,0.6198941798941807,0.5254700854700849
R11_r8.glb,11,8,8.666666666666666,2.0666666666666664,0.6029504392627336,0.6495238095238101,0.568774928774928
R11_r9.glb,11,9,8.666666666666666,2.2,0.6402767395905875,0.6774603174603182,0.6129914529914523
R11_r10.glb,11,10,8.666666666666666,2.333333333333333,0.6774122850079349,0.7037037037037044,0.6581196581196577
R11_r11.glb,11,11,8.666666666666666,2.466666666666667,0.7143570755147763,0.7282539682539688,0.7041595441595432
R11_r12.glb,11,12,8.666666666666666,2.6,0.7511111111111111,0.7511111111111188,0.7511111111111047
R11_r13.glb,11,13,8.666666666666666,2.7333333333333334,0.7876743917969395,0.7989743589743596,0.7722751322751312
R11_r14.glb,11,14,8.666666666666666,2.8666666666666667,0.8240469175722617,0.8477492877492885,0.7917460317460309
R11_r15.glb,11,15,8.666666666666666,3,0.8602286884370774,0.8974358974358985,0.8095238095238086
R11_r16.glb,11,16,8.666666666666666,3.1333333333333333,0.896219704391387,0.9480341880341888,0.8256084656084645
R11_r17.glb,11,17,8.666666666666666,3.2666666666666666,0.9320199654351901,0.9995441595441608,0.8399999999999991
R11_r18.glb,11,18,8.666666666666666,3.4,0.9676294715684868,1.051965811965814,0.8526984126984114
R11_r19.glb,11,19,8.666666666666666,3.533333333333333,1.0030482227912774,1.1052991452991467,0.8637037037037023
R11_r20.glb,11,20,8.666666666666666,3.6666666666666665,1.0382762191035613,1.159544159544161,0.8730158730158718
R11_r21.glb,11,21,8.666666666666666,3.8,1.0733134605053392,1.2147008547008558,0.8806349206349191
R11_r22.glb,11,22,8.666666666666666,3.933333333333333,1.1081599469966104,1.270769230769233,0.8865608465608457
R11_r23.glb,11,23,8.666666666666666,4.066666666666666,1.1428156785773755,1.3277492877492891,0.8907936507936499
R11_r24.glb,11,24,8.666666666666666,4.2,1.1772806552476343,1.3856410256410276,0.8933333333333323
R11_r25.glb,11,25,8.666666666666666,4.333333333333334,1.2115548770073867,1.4444444444444446,0.8941798941798933
R11_r26.glb,11,26,8.666666666666666,4.466666666666667,1.2456383438566327,1.5041595441595452,0.893333333333332
R11_r27.glb,11,27,8.666666666666666,4.6,1.2795310557953723,1.5647863247863265,0.8907936507936498
R11_r28.glb,11,28,8.666666666666666,4.733333333333333,1.3132330128236056,1.6263247863247885,0.8865608465608456
R11_r29.glb,11,29,8.666666666666666,4.866666666666667,1.346744214941333,1.68877492877493,0.8806349206349198
R11_r30.glb,11,30,8.666666666666666,5,1.3800646621485533,1.7521367521367543,0.8730158730158722
R12_r0.glb,12,0,9,1,0.30912046915858454,0.3809523809523813,0.256410256410256
R12_r1.glb,12,1,9,1.1333333333333333,0.34952582334341054,0.4245502645502648,0.29447293447293404
R12_r2.glb,12,2,9,1.2666666666666666,0.3897404226177302,0.4664550264550271,0.33344729344729296
R12_r3.glb,12,3,9,1.4,0.42976426698154346,0.5066666666666675,0.373333333333333
R12_r4.glb,12,4,9,1.5333333333333332,0.4695973564348504,0.5451851851851857,0.41413105413105367
R12_r5.glb,12,5,9,1.6666666666666663,0.509239690977651,0.5820105820105823,0.4558404558404552
R12_r6.glb,12,6,9,1.8,0.5486912706099453,0.6171428571428581,0.498461538461538
R12_r7.glb,12,7,9,1.9333333333333331,0.5879520953317332,0.6505820105820113,0.5419943019943013
R12_r8.glb,12,8,9,2.0666666666666664,0.6270221651430147,0.6823280423280428,0.5864387464387459
R12_r9.glb,12,9,9,2.2,0.66590148004379,0.7123809523809532,0.631794871794871
R12_r10.glb,12,10,9,2.333333333333333,0.7045900400340588,0.7407407407407416,0.6780626780626771
R12_r11.glb,12,11,9,2.466666666666667,0.7430878451138215,0.767407407407408,0.7252421652421643
R12_r12.glb,12,12,9,2.6,0.7813948952830777,0.792380952380953,0.7733333333333324
R12_r13.glb,12,13,9,2.7333333333333334,0.8195111905418275,0.8223361823361833,0.8156613756613748
R12_r14.glb,12,14,9,2.8666666666666667,0.857436730890071,0.8722507122507133,0.8372486772486764
R12_r15.glb,12,15,9,3,0.8951715163278081,0.923076923076924,0.8571428571428561
R12_r16.glb,12,16,9,3.1333333333333333,0.932715546855039,0.9748148148148154,0.875343915343914
R12_r17.glb,12,17,9,3.2666666666666666,0.9700688224717635,1.0274643874643885,0.8918518518518509
R12_r18.glb,12,18,9,3.4,1.0072313431779816,1.0810256410256425,0.9066666666666656
R12_r19.glb,12,19,9,3.533333333333333,1.0442031089736934,1.1354985754985765,0.9197883597883586
R12_r20.glb,12,20,9,3.6666666666666665,1.0809841198588988,1.1908831908831918,0.9312169312169304
R12_r21.glb,12,21,9,3.8,1.1175743758335979,1.2471794871794892,0.94095238095238
R12_r22.glb,12,22,9,3.933333333333333,1.1539738768977907,1.3043874643874664,0.9489947089947076
R12_r23.glb,12,23,9,4.066666666666666,1.1901826230514772,1.362507122507124,0.9553439153439142
R12_r24.glb,12,24,9,4.2,1.2262006142946573,1.421538461538463,0.9599999999999989
R12_r25.glb,12,25,9,4.333333333333334,1.262027850627331,1.4814814814814832,0.962962962962962
R12_r26.glb,12,26,9,4.466666666666667,1.2976643320494983,1.542336182336184,0.9642328042328034
R12_r27.glb,12,27,9,4.6,1.3331100585611593,1.6041025641025657,0.963809523809523
R12_r28.glb,12,28,9,4.733333333333333,1.368365030162314,1.6667806267806284,0.9616931216931204
R12_r29.glb,12,29,9,4.866666666666667,1.4034292468529626,1.7303703703703726,0.957883597883597
R12_r30.glb,12,30,9,5,1.4383027086331044,1.7948717948717976,0.9523809523809516
R13_r0.glb,13,0,9.333333333333332,1,0.3207680784554947,0.39682539682539736,0.2649572649572645
R13_r1.glb,13,1,9.333333333333332,1.1333333333333333,0.36272644721324204,0.44253968253968273,0.3041595441595436
R13_r2.glb,13,2,9.333333333333332,1.2666666666666666,0.404494061060483,0.4865608465608469,0.3442735042735036
R13_r3.glb,13,3,9.333333333333332,1.4,0.44607091999721765,0.5288888888888894,0.3852991452991449
R13_r4.glb,13,4,9.333333333333332,1.5333333333333332,0.487457024023446,0.5695238095238099,0.42723646723646663
R13_r5.glb,13,5,9.333333333333332,1.6666666666666663,0.5286523731391679,0.608465608465609,0.47008547008546936
R13_r6.glb,13,6,9.333333333333332,1.8,0.5696569673443836,0.6457142857142864,0.5138461538461532
R13_r7.glb,13,7,9.333333333333332,1.9333333333333331,0.6104708066390928,0.681269841269842,0.5585185185185177
R13_r8.glb,13,8,9.333333333333332,2.0666666666666664,0.6510938910232957,0.7151322751322756,0.6041025641025635
R13_r9.glb,13,9,9.333333333333332,2.2,0.6915262204969924,0.7473015873015884,0.6505982905982896
R13_r10.glb,13,10,9.333333333333332,2.333333333333333,0.7317677950601825,0.7777777777777786,0.6980056980056968
R13_r11.glb,13,11,9.333333333333332,2.466666666666667,0.7718186147128665,0.8065608465608475,0.746324786324785
R13_r12.glb,13,12,9.333333333333332,2.6,0.8116786794550441,0.8336507936507948,0.7955555555555542
R13_r13.glb,13,13,9.333333333333332,2.7333333333333334,0.8513479892867153,0.8590476190476198,0.8456980056980044
R13_r14.glb,13,14,9.333333333333332,2.8666666666666667,0.8908265442078801,0.8967521367521379,0.8827513227513213
R13_r15.glb,13,15,9.333333333333332,3,0.9301143442185387,0.94871794871795,0.904761904761904
R13_r16.glb,13,16,9.333333333333332,3.1333333333333333,0.9692113893186909,1.0015954415954424,0.925079365079364
R13_r17.glb,13,17,9.333333333333332,3.2666666666666666,1.0081176795083366,1.0553846153846165,0.9437037037037022
R13_r18.glb,13,18,9.333333333333332,3.4,1.0468332147874762,1.1100854700854712,0.9606349206349192
R13_r19.glb,13,19,9.333333333333332,3.533333333333333,1.0853579951561092,1.1656980056980069,0.9758730158730146
R13_r20.glb,13,20,9.333333333333332,3.6666666666666665,1.123692020614236,1.2222222222222237,0.9894179894179884
R13_r21.glb,13,21,9.333333333333332,3.8,1.1618352911618566,1.279658119658121,1.0012698412698402
R13_r22.glb,13,22,9.333333333333332,3.933333333333333,1.1997878067989707,1.3380056980056996,1.0114285714285702
R13_r23.glb,13,23,9.333333333333332,4.066666666666666,1.2375495675255783,1.3972649572649585,1.0198941798941783
R13_r24.glb,13,24,9.333333333333332,4.2,1.27512057334168,1.4574358974358983,1.026666666666665
R13_r25.glb,13,25,9.333333333333332,4.333333333333334,1.312500824247275,1.5185185185185206,1.03174603174603
R13_r26.glb,13,26,9.333333333333332,4.466666666666667,1.3496903202423638,1.5805128205128216,1.0351322751322738
R13_r27.glb,13,27,9.333333333333332,4.6,1.386689061326946,1.6434188034188046,1.0368253968253955
R13_r28.glb,13,28,9.333333333333332,4.733333333333333,1.4234970475010222,1.7072364672364695,1.036825396825395
R13_r29.glb,13,29,9.333333333333332,4.866666666666667,1.460114278764592,1.7719658119658144,1.0351322751322738
R13_r30.glb,13,30,9.333333333333332,5,1.4965407551176553,1.837606837606839,1.0317460317460303
R14_r0.glb,14,0,9.666666666666666,1,0.33241568775240493,0.4126984126984131,0.2735042735042732
R14_r1.glb,14,1,9.666666666666666,1.1333333333333333,0.37592707108307366,0.46052910052910095,0.31384615384615316
R14_r2.glb,14,2,9.666666666666666,1.2666666666666666,0.419247699503236,0.5066666666666675,0.3550997150997147
R14_r3.glb,14,3,9.666666666666666,1.4,0.462377573012892,0.5511111111111117,0.3972649572649569
R14_r4.glb,14,4,9.666666666666666,1.5333333333333332,0.5053166916120416,0.5938624338624346,0.44034188034187977
R14_r5.glb,14,5,9.666666666666666,1.6666666666666663,0.548065055300685,0.6349206349206352,0.48433048433048353
R14_r6.glb,14,6,9.666666666666666,1.8,0.590622664078822,0.6742857142857153,0.5292307692307687
R14_r7.glb,14,7,9.666666666666666,1.9333333333333331,0.6329895179464526,0.7119576719576725,0.5750427350427346
R14_r8.glb,14,8,9.666666666666666,2.0666666666666664,0.6751656169035769,0.747936507936509,0.6217663817663808
R14_r9.glb,14,9,9.666666666666666,2.2,0.7171509609501949,0.782222222222223,0.6694017094017086
R14_r10.glb,14,10,9.666666666666666,2.333333333333333,0.7589455500863064,0.8148148148148158,0.7179487179487171
R14_r11.glb,14,11,9.666666666666666,2.466666666666667,0.8005493843119118,0.8457142857142864,0.7674074074074064
R14_r12.glb,14,12,9.666666666666666,2.6,0.8419624636270107,0.8749206349206358,0.8177777777777769
R14_r13.glb,14,13,9.666666666666666,2.7333333333333334,0.8831847880316032,0.902433862433863,0.8690598290598281
R14_r14.glb,14,14,9.666666666666666,2.8666666666666667,0.9242163575256894,0.9282539682539692,0.9212535612535604
R14_r15.glb,14,15,9.666666666666666,3,0.9650571721092693,0.9743589743589754,0.9523809523809512
R14_r16.glb,14,16,9.666666666666666,3.1333333333333333,1.0057072317823428,1.0283760683760694,0.9748148148148136
R14_r17.glb,14,17,9.666666666666666,3.2666666666666666,1.0461665365449102,1.0833048433048451,0.9955555555555544
R14_r18.glb,14,18,9.666666666666666,3.4,1.086435086396971,1.1391452991453004,1.0146031746031732
R14_r19.glb,14,19,9.666666666666666,3.533333333333333,1.1265128813385255,1.195897435897437,1.0319576719576706
R14_r20.glb,14,20,9.666666666666666,3.6666666666666665,1.1663999213695735,1.2535612535612548,1.0476190476190463
R14_r21.glb,14,21,9.666666666666666,3.8,1.2060962064901153,1.3121367521367526,1.0615873015873003
R14_r22.glb,14,22,9.666666666666666,3.933333333333333,1.2456017367001508,1.3716239316239331,1.0738624338624323
R14_r23.glb,14,23,9.666666666666666,4.066666666666666,1.28491651199968,1.4320227920227928,1.0844444444444428
R14_r24.glb,14,24,9.666666666666666,4.2,1.3240405323887028,1.4933333333333356,1.0933333333333324
R14_r25.glb,14,25,9.666666666666666,4.333333333333334,1.3629737978672194,1.5555555555555578,1.1005291005290991
R14_r26.glb,14,26,9.666666666666666,4.466666666666667,1.4017163084352293,1.6186894586894598,1.106031746031745
R14_r27.glb,14,27,9.666666666666666,4.6,1.440268064092733,1.6827350427350445,1.109841269841268
R14_r28.glb,14,28,9.666666666666666,4.733333333333333,1.4786290648397304,1.7476923076923097,1.1119576719576707
R14_r29.glb,14,29,9.666666666666666,4.866666666666667,1.5167993106762219,1.8135612535612544,1.112380952380951
R14_r30.glb,14,30,9.666666666666666,5,1.5547788016022064,1.8803418803418823,1.1111111111111098
R15_r0.glb,15,0,10,1,0.34406329704931515,0.4285714285714292,0.2820512820512817
R15_r1.glb,15,1,10,1.1333333333333333,0.3891276949529052,0.478518518518519,0.3235327635327629
R15_r2.glb,15,2,10,1.2666666666666666,0.43400133794598894,0.5267724867724873,0.3659259259259253
R15_r3.glb,15,3,10,1.4,0.4786842260285663,0.5733333333333337,0.4092307692307687
R15_r4.glb,15,4,10,1.5333333333333332,0.5231763592006373,0.6182010582010591,0.45344729344729295
R15_r5.glb,15,5,10,1.6666666666666663,0.567477737462202,0.6613756613756618,0.4985754985754977
R15_r6.glb,15,6,10,1.8,0.6115883608132604,0.7028571428571434,0.5446153846153838
R15_r7.glb,15,7,10,1.9333333333333331,0.6555082292538124,0.7426455026455034,0.5915669515669508
R15_r8.glb,15,8,10,2.0666666666666664,0.699237342783858,0.7807407407407415,0.6394301994301984
R15_r9.glb,15,9,10,2.2,0.7427757014033974,0.8171428571428581,0.6882051282051271
R15_r10.glb,15,10,10,2.333333333333333,0.7861233051124302,0.8518518518518527,0.7378917378917363
R15_r11.glb,15,11,10,2.466666666666667,0.829280153910957,0.884867724867726,0.7884900284900279
R15_r12.glb,15,12,10,2.6,0.8722462477989773,0.9161904761904774,0.839999999999999
R15_r13.glb,15,13,10,2.7333333333333334,0.9150215867764913,0.9458201058201068,0.8924216524216514
R15_r14.glb,15,14,10,2.8666666666666667,0.9576061708434987,0.9737566137566146,0.945754985754985
R15_r15.glb,15,15,10,3,1,1,1
R15_r16.glb,15,16,10,3.1333333333333333,1.042203074245995,1.0551566951566962,1.024550264550263
R15_r17.glb,15,17,10,3.2666666666666666,1.0842153935814836,1.1112250712250722,1.047407407407407
R15_r18.glb,15,18,10,3.4,1.1260369580064657,1.1682051282051298,1.0685714285714272
R15_r19.glb,15,19,10,3.533333333333333,1.1676677675209415,1.226096866096867,1.088042328042327
R15_r20.glb,15,20,10,3.6666666666666665,1.209107822124911,1.2849002849002864,1.1058201058201047
R15_r21.glb,15,21,10,3.8,1.2503571218183742,1.344615384615386,1.1219047619047608
R15_r22.glb,15,22,10,3.933333333333333,1.291415666601331,1.4052421652421667,1.136296296296295
R15_r23.glb,15,23,10,4.066666666666666,1.3322834564737815,1.4667806267806285,1.1489947089947077
R15_r24.glb,15,24,10,4.2,1.3729604914357258,1.529230769230771,1.1599999999999986
R15_r25.glb,15,25,10,4.333333333333334,1.4134467714871637,1.5925925925925954,1.1693121693121684
R15_r26.glb,15,26,10,4.466666666666667,1.453742296628095,1.6568660968660982,1.1769312169312152
R15_r27.glb,15,27,10,4.6,1.49384706685852,1.7220512820512843,1.182857142857142
R15_r28.glb,15,28,10,4.733333333333333,1.533761082178439,1.7881481481481512,1.1870899470899456
R15_r29.glb,15,29,10,4.866666666666667,1.5734843425878515,1.8551566951566976,1.1896296296296278
R15_r30.glb,15,30,10,5,1.6130168480867575,1.9230769230769251,1.190476190476189
R16_r0.glb,16,0,10.333333333333332,1,0.3557109063462253,0.44444444444444503,0.29059829059829023
R16_r1.glb,16,1,10.333333333333332,1.1333333333333333,0.40232831882273673,0.4965079365079367,0.3332193732193726
R16_r2.glb,16,2,10.333333333333332,1.2666666666666666,0.4487549763887418,0.5468783068783073,0.3767521367521362
R16_r3.glb,16,3,10.333333333333332,1.4,0.4949908790442405,0.5955555555555561,0.4211965811965806
R16_r4.glb,16,4,10.333333333333332,1.5333333333333332,0.5410360267892329,0.6425396825396831,0.46655270655270586
R16_r5.glb,16,5,10.333333333333332,1.6666666666666663,0.5868904196237189,0.6878306878306882,0.512820512820512
R16_r6.glb,16,6,10.333333333333332,1.8,0.6325540575476988,0.7314285714285722,0.5599999999999994
R16_r7.glb,16,7,10.333333333333332,1.9333333333333331,0.6780269405611721,0.7733333333333344,0.6080911680911676
R16_r8.glb,16,8,10.333333333333332,2.0666666666666664,0.7233090686641389,0.8135449735449743,0.6570940170940165
R16_r9.glb,16,9,10.333333333333332,2.2,0.7684004418565997,0.852063492063493,0.7070085470085462
R16_r10.glb,16,10,10.333333333333332,2.333333333333333,0.813301060138554,0.8888888888888895,0.7578347578347564
R16_r11.glb,16,11,10.333333333333332,2.466666666666667,0.8580109235100021,0.9240211640211649,0.8095726495726485
R16_r12.glb,16,12,10.333333333333332,2.6,0.9025300319709437,0.957460317460318,0.8622222222222211
R16_r13.glb,16,13,10.333333333333332,2.7333333333333334,0.946858385521379,0.98920634920635,0.9157834757834746
R16_r14.glb,16,14,10.333333333333332,2.8666666666666667,0.9909959841613079,1.0192592592592604,0.9702564102564092
R16_r15.glb,16,15,10.333333333333332,3,1.0349428278907304,1.0476190476190483,1.0256410256410244
R16_r16.glb,16,16,10.333333333333332,3.1333333333333333,1.0786989167096468,1.0819373219373225,1.074285714285713
R16_r17.glb,16,17,10.333333333333332,3.2666666666666666,1.1222642506180567,1.1391452991453,1.099259259259258
R16_r18.glb,16,18,10.333333333333332,3.4,1.1656388296159603,1.1972649572649583,1.1225396825396812
R16_r19.glb,16,19,10.333333333333332,3.533333333333333,1.2088226537033575,1.2562962962962971,1.144126984126982
R16_r20.glb,16,20,10.333333333333332,3.6666666666666665,1.2518157228802482,1.3162393162393178,1.1640211640211626
R16_r21.glb,16,21,10.333333333333332,3.8,1.294618037146633,1.3770940170940185,1.1822222222222205
R16_r22.glb,16,22,10.333333333333332,3.933333333333333,1.337229596502511,1.4388603988604003,1.1987301587301578
R16_r23.glb,16,23,10.333333333333332,4.066666666666666,1.379650400947883,1.501538461538463,1.2135449735449717
R16_r24.glb,16,24,10.333333333333332,4.2,1.4218804504827485,1.5651282051282058,1.226666666666665
R16_r25.glb,16,25,10.333333333333332,4.333333333333334,1.4639197451071078,1.6296296296296315,1.2380952380952366
R16_r26.glb,16,26,10.333333333333332,4.466666666666667,1.5057682848209604,1.695042735042737,1.2478306878306866
R16_r27.glb,16,27,10.333333333333332,4.6,1.5474260696243067,1.7613675213675233,1.2558730158730145
R16_r28.glb,16,28,10.333333333333332,4.733333333333333,1.588893099517147,1.8286039886039904,1.2622222222222204
R16_r29.glb,16,29,10.333333333333332,4.866666666666667,1.630169374499481,1.8967521367521387,1.2668783068783052
R16_r30.glb,16,30,10.333333333333332,5,1.6712548945713084,1.965811965811968,1.269841269841268
R17_r0.glb,17,0,10.666666666666666,1,0.36735851564313554,0.460317460317461,0.2991452991452988
R17_r1.glb,17,1,10.666666666666666,1.1333333333333333,0.41552894269256835,0.5144973544973548,0.34290598290598207
R17_r2.glb,17,2,10.666666666666666,1.2666666666666666,0.46350861483149475,0.5669841269841277,0.3875783475783472
R17_r3.glb,17,3,10.666666666666666,1.4,0.5112975320599149,0.6177777777777782,0.43316239316239247
R17_r4.glb,17,4,10.666666666666666,1.5333333333333332,0.5588956943778285,0.6668783068783077,0.479658119658119
R17_r5.glb,17,5,10.666666666666666,1.6666666666666663,0.606303101785236,0.7142857142857151,0.5270655270655261
R17_r6.glb,17,6,10.666666666666666,1.8,0.653519754282137,0.760000000000001,0.575384615384615
R17_r7.glb,17,7,10.666666666666666,1.9333333333333331,0.7005456518685318,0.8040211640211647,0.624615384615384
R17_r8.glb,17,8,10.666666666666666,2.0666666666666664,0.7473807945444201,0.8463492063492066,0.6747578347578337
R17_r9.glb,17,9,10.666666666666666,2.2,0.7940251823098022,0.8869841269841283,0.7258119658119653
R17_r10.glb,17,10,10.666666666666666,2.333333333333333,0.8404788151646777,0.9259259259259272,0.7777777777777777
R17_r11.glb,17,11,10.666666666666666,2.466666666666667,0.8867416931090474,0.9631746031746038,0.8306552706552697
R17_r12.glb,17,12,10.666666666666666,2.6,0.9328138161429103,0.9987301587301596,0.8844444444444434
R17_r13.glb,17,13,10.666666666666666,2.7333333333333334,0.9786951842662669,1.0325925925925936,0.9391452991452982
R17_r14.glb,17,14,10.666666666666666,2.8666666666666667,1.0243857974791173,1.0647619047619057,0.9947578347578332
R17_r15.glb,17,15,10.666666666666666,3,1.069885655781461,1.0952380952380965,1.0512820512820495
R17_r16.glb,17,16,10.666666666666666,3.1333333333333333,1.1151947591732987,1.1240211640211653,1.108717948717947
R17_r17.glb,17,17,10.666666666666666,3.2666666666666666,1.16031310765463,1.1670655270655284,1.1511111111111096
R17_r18.glb,17,18,10.666666666666666,3.4,1.205240701225455,1.226324786324788,1.1765079365079352
R17_r19.glb,17,19,10.666666666666666,3.533333333333333,1.2499775398857735,1.2864957264957275,1.2002116402116392
R17_r20.glb,17,20,10.666666666666666,3.6666666666666665,1.2945236236355857,1.3475783475783485,1.222222222222222
R17_r21.glb,17,21,10.666666666666666,3.8,1.3388789524748916,1.4095726495726504,1.242539682539681
R17_r22.glb,17,22,10.666666666666666,3.933333333333333,1.3830435264036913,1.4724786324786343,1.2611640211640192
R17_r23.glb,17,23,10.666666666666666,4.066666666666666,1.4270173454219846,1.5362962962962976,1.2780952380952364
R17_r24.glb,17,24,10.666666666666666,4.2,1.4708004095297715,1.6010256410256436,1.293333333333332
R17_r25.glb,17,25,10.666666666666666,4.333333333333334,1.514392718727052,1.6666666666666687,1.3068783068783056
R17_r26.glb,17,26,10.666666666666666,4.466666666666667,1.5577942730138261,1.733219373219375,1.3187301587301574
R17_r27.glb,17,27,10.666666666666666,4.6,1.601005072390094,1.8006837606837618,1.3288888888888872
R17_r28.glb,17,28,10.666666666666666,4.733333333333333,1.6440251168558555,1.8690598290598308,1.3373544973544955
R17_r29.glb,17,29,10.666666666666666,4.866666666666667,1.6868544064111108,1.9383475783475803,1.3441269841269825
R17_r30.glb,17,30,10.666666666666666,5,1.7294929410558595,2.0085470085470103,1.3492063492063475
R18_r0.glb,18,0,11,1,0.37900612494004576,0.47619047619047694,0.30769230769230715
R18_r1.glb,18,1,11,1.1333333333333333,0.4287295665623999,0.5324867724867728,0.35259259259259196
R18_r2.glb,18,2,11,1.2666666666666666,0.4782622532742477,0.5870899470899477,0.3984045584045579
R18_r3.glb,18,3,11,1.4,0.5276041850755891,0.6400000000000006,0.4451282051282046
R18_r4.glb,18,4,11,1.5333333333333332,0.5767553619664243,0.6912169312169323,0.4927635327635322
R18_r5.glb,18,5,11,1.6666666666666663,0.625715783946753,0.7407407407407413,0.5413105413105402
R18_r6.glb,18,6,11,1.8,0.6744854510165755,0.7885714285714293,0.5907692307692302
R18_r7.glb,18,7,11,1.9333333333333331,0.7230643631758915,0.8347089947089956,0.6411396011396007
R18_r8.glb,18,8,11,2.0666666666666664,0.7714525204247012,0.8791534391534402,0.6924216524216517
R18_r9.glb,18,9,11,2.2,0.8196499227630047,0.921904761904763,0.7446153846153838
R18_r10.glb,18,10,11,2.333333333333333,0.8676565701908017,0.9629629629629636,0.7977207977207963
R18_r11.glb,18,11,11,2.466666666666667,0.9154724627080925,1.0023280423280436,0.8517378917378907
R18_r12.glb,18,12,11,2.6,0.9630976003148768,1.0400000000000007,0.9066666666666656
R18_r13.glb,18,13,11,2.7333333333333334,1.010531983011155,1.075978835978837,0.9625071225071216
R18_r14.glb,18,14,11,2.8666666666666667,1.0577756107969265,1.1102645502645516,1.0192592592592582
R18_r15.glb,18,15,11,3,1.1048284836721918,1.142857142857144,1.076923076923076
R18_r16.glb,18,16,11,3.1333333333333333,1.1516906016369508,1.1737566137566149,1.135498575498574
R18_r17.glb,18,17,11,3.2666666666666666,1.1983619646912034,1.2029629629629643,1.1949857549857532
R18_r18.glb,18,18,11,3.4,1.2448425728349497,1.2553846153846169,1.2304761904761885
R18_r19.glb,18,19,11,3.533333333333333,1.2911324260681896,1.3166951566951572,1.256296296296295
R18_r20.glb,18,20,11,3.6666666666666665,1.3372315243909232,1.37891737891738,1.2804232804232794
R18_r21.glb,18,21,11,3.8,1.3831398678031506,1.442051282051284,1.3028571428571416
R18_r22.glb,18,22,11,3.933333333333333,1.4288574563048715,1.506096866096868,1.3235978835978823
R18_r23.glb,18,23,11,4.066666666666666,1.474384289896086,1.5710541310541324,1.3426455026455006
R18_r24.glb,18,24,11,4.2,1.5197203685767944,1.636923076923078,1.3599999999999983
R18_r25.glb,18,25,11,4.333333333333334,1.5648656923469964,1.703703703703706,1.3756613756613745
R18_r26.glb,18,26,11,4.466666666666667,1.6098202612066919,1.7713960113960132,1.3896296296296278
R18_r27.glb,18,27,11,4.6,1.6545840751558807,1.8400000000000016,1.4019047619047609
R18_r28.glb,18,28,11,4.733333333333333,1.699157134194564,1.909515669515672,1.412486772486771
R18_r29.glb,18,29,11,4.866666666666667,1.7435394383227405,1.979943019943022,1.42137566137566
R18_r30.glb,18,30,11,5,1.7877309875404106,2.051282051282053,1.4285714285714266
R19_r0.glb,19,0,11.333333333333332,1,0.39065373423695593,0.4920634920634928,0.31623931623931584
R19_r1.glb,19,1,11.333333333333332,1.1333333333333333,0.4419301904322314,0.5504761904761909,0.3622792022792016
R19_r2.glb,19,2,11.333333333333332,1.2666666666666666,0.49301589171700055,0.6071957671957677,0.4092307692307685
R19_r3.glb,19,3,11.333333333333332,1.4,0.5439108380912634,0.6622222222222229,0.45709401709401665
R19_r4.glb,19,4,11.333333333333332,1.5333333333333332,0.5946150295550198,0.7155555555555565,0.5058689458689453
R19_r5.glb,19,5,11.333333333333332,1.6666666666666663,0.6451284661082699,0.7671957671957679,0.5555555555555547
R19_r6.glb,19,6,11.333333333333332,1.8,0.6954511477510138,0.8171428571428577,0.6061538461538454
R19_r7.glb,19,7,11.333333333333332,1.9333333333333331,0.7455830744832512,0.865396825396826,0.6576638176638172
R19_r8.glb,19,8,11.333333333333332,2.0666666666666664,0.7955242463049822,0.9119576719576724,0.7100854700854694
R19_r9.glb,19,9,11.333333333333332,2.2,0.845274663216207,0.956825396825398,0.7634188034188026
R19_r10.glb,19,10,11.333333333333332,2.333333333333333,0.8948343252169254,1.0000000000000009,0.817663817663816
R19_r11.glb,19,11,11.333333333333332,2.466666666666667,0.9442032323071375,1.0414814814814828,0.8728205128205118
R19_r12.glb,19,12,11.333333333333332,2.6,0.9933813844868432,1.081269841269842,0.9288888888888877
R19_r13.glb,19,13,11.333333333333332,2.7333333333333334,1.0423687817560428,1.119365079365081,0.9858689458689446
R19_r14.glb,19,14,11.333333333333332,2.8666666666666667,1.0911654241147357,1.1557671957671969,1.0437606837606823
R19_r15.glb,19,15,11.333333333333332,3,1.1397713115629222,1.190476190476192,1.1025641025641015
R19_r16.glb,19,16,11.333333333333332,3.1333333333333333,1.1881864441006027,1.2234920634920643,1.162279202279201
R19_r17.glb,19,17,11.333333333333332,3.2666666666666666,1.2364108217277767,1.2548148148148155,1.2229059829059807
R19_r18.glb,19,18,11.333333333333332,3.4,1.2844444444444443,1.2844444444444567,1.2844444444444314
R19_r19.glb,19,19,11.333333333333332,3.533333333333333,1.3322873122506056,1.3468945868945876,1.3123809523809495
R19_r20.glb,19,20,11.333333333333332,3.6666666666666665,1.3799394251462604,1.410256410256412,1.3386243386243362
R19_r21.glb,19,21,11.333333333333332,3.8,1.427400783131409,1.4745299145299162,1.3631746031746017
R19_r22.glb,19,22,11.333333333333332,3.933333333333333,1.4746713862060514,1.5397150997151008,1.3860317460317444
R19_r23.glb,19,23,11.333333333333332,4.066666666666666,1.5217512343701873,1.605811965811967,1.4071957671957656
R19_r24.glb,19,24,11.333333333333332,4.2,1.568640327623817,1.6728205128205142,1.4266666666666648
R19_r25.glb,19,25,11.333333333333332,4.333333333333334,1.6153386659669404,1.7407407407407425,1.4444444444444424
R19_r26.glb,19,26,11.333333333333332,4.466666666666667,1.6618462493995572,1.8095726495726512,1.4605291005290983
R19_r27.glb,19,27,11.333333333333332,4.6,1.7081630779216674,1.879316239316241,1.4749206349206323
R19_r28.glb,19,28,11.333333333333332,4.733333333333333,1.754289151533272,1.949971509971512,1.4876190476190456
R19_r29.glb,19,29,11.333333333333332,4.866666666666667,1.80022447023437,2.0215384615384644,1.4986243386243363
R19_r30.glb,19,30,11.333333333333332,5,1.8459690340249613,2.094017094017096,1.507936507936506
R20_r0.glb,20,0,11.666666666666666,1,0.40230134353386615,0.5079365079365088,0.32478632478632435
R20_r1.glb,20,1,11.666666666666666,1.1333333333333333,0.45513081430206304,0.568465608465609,0.3719658119658112
R20_r2.glb,20,2,11.666666666666666,1.2666666666666666,0.5077695301597535,0.6273015873015885,0.42005698005697983
R20_r3.glb,20,3,11.666666666666666,1.4,0.5602174911069377,0.6844444444444453,0.4690598290598284
R20_r4.glb,20,4,11.666666666666666,1.5333333333333332,0.6124746971436155,0.739894179894181,0.5189743589743585
R20_r5.glb,20,5,11.666666666666666,1.6666666666666663,0.664541148269787,0.7936507936507944,0.5698005698005689
R20_r6.glb,20,6,11.666666666666666,1.8,0.7164168444854522,0.845714285714287,0.6215384615384608
R20_r7.glb,20,7,11.666666666666666,1.9333333333333331,0.768101785790611,0.8960846560846574,0.6741880341880336
R20_r8.glb,20,8,11.666666666666666,2.0666666666666664,0.8195959721852634,0.9447619047619056,0.7277492877492866
R20_r9.glb,20,9,11.666666666666666,2.2,0.8708994036694097,0.9917460317460328,0.7822222222222218
R20_r10.glb,20,10,11.666666666666666,2.333333333333333,0.9220120802430491,1.0370370370370383,0.837606837606837
R20_r11.glb,20,11,11.666666666666666,2.466666666666667,0.9729340019061828,1.080634920634921,0.8939031339031328
R20_r12.glb,20,12,11.666666666666666,2.6,1.0236651686588099,1.1225396825396834,0.9511111111111096
R20_r13.glb,20,13,11.666666666666666,2.7333333333333334,1.0742055805009305,1.1627513227513242,1.0092307692307678
R20_r14.glb,20,14,11.666666666666666,2.8666666666666667,1.124555237432545,1.2012698412698424,1.068262108262107
R20_r15.glb,20,15,11.666666666666666,3,1.174714139453653,1.238095238095239,1.128205128205127
R20_r16.glb,20,16,11.666666666666666,3.1333333333333333,1.2246822865642546,1.2732275132275144,1.189059829059827
R20_r17.glb,20,17,11.666666666666666,3.2666666666666666,1.27445967876435,1.3066666666666682,1.2508262108262094
R20_r18.glb,20,18,11.666666666666666,3.4,1.324046316053939,1.3384126984126998,1.3135042735042717
R20_r19.glb,20,19,11.666666666666666,3.533333333333333,1.3734421984330218,1.377094017094018,1.3684656084656066
R20_r20.glb,20,20,11.666666666666666,3.6666666666666665,1.422647325901598,1.4415954415954433,1.3968253968253954
R20_r21.glb,20,21,11.666666666666666,3.8,1.471661698459668,1.507008547008548,1.4234920634920607
R20_r22.glb,20,22,11.666666666666666,3.933333333333333,1.5204853161072316,1.5733333333333352,1.448465608465607
R20_r23.glb,20,23,11.666666666666666,4.066666666666666,1.569118178844289,1.6405698005698024,1.4717460317460294
R20_r24.glb,20,24,11.666666666666666,4.2,1.61756028667084,1.7087179487179505,1.4933333333333323
R20_r25.glb,20,25,11.666666666666666,4.333333333333334,1.6658116395868847,1.777777777777779,1.513227513227512
R20_r26.glb,20,26,11.666666666666666,4.466666666666667,1.713872237592423,1.8477492877492896,1.5314285714285696
R20_r27.glb,20,27,11.666666666666666,4.6,1.7617420806874546,1.91863247863248,1.5479365079365062
R20_r28.glb,20,28,11.666666666666666,4.733333333333333,1.8094211688719803,1.990427350427353,1.562751322751321
R20_r29.glb,20,29,11.666666666666666,4.866666666666667,1.8569095021459998,2.063133903133904,1.5758730158730136
R20_r30.glb,20,30,11.666666666666666,5,1.9042070805095124,2.136752136752139,1.5873015873015852
R21_r0.glb,21,0,12,1,0.4139489528307764,0.5238095238095245,0.33333333333333304
R21_r1.glb,21,1,12,1.1333333333333333,0.4683314381718946,0.5864550264550271,0.381652421652421
R21_r2.glb,21,2,12,1.2666666666666666,0.5225231686025065,0.647407407407408,0.4308831908831903
R21_r3.glb,21,3,12,1.4,0.576524144122612,0.7066666666666672,0.4810256410256405
R21_r4.glb,21,4,12,1.5333333333333332,0.6303343647322112,0.7642328042328052,0.5320797720797713
R21_r5.glb,21,5,12,1.6666666666666663,0.6839538304313041,0.8201058201058208,0.5840455840455829
R21_r6.glb,21,6,12,1.8,0.7373825412198907,0.8742857142857152,0.6369230769230761
R21_r7.glb,21,7,12,1.9333333333333331,0.7906204970979708,0.926772486772488,0.6907122507122501
R21_r8.glb,21,8,12,2.0666666666666664,0.8436676980655444,0.9775661375661392,0.7454131054131046
R21_r9.glb,21,9,12,2.2,0.896524144122612,1.0266666666666675,0.80102564102564
R21_r10.glb,21,10,12,2.333333333333333,0.9491898352691731,1.0740740740740748,0.8575498575498562
R21_r11.glb,21,11,12,2.466666666666667,1.001664771505228,1.119788359788361,0.9149857549857542
R21_r12.glb,21,12,12,2.6,1.0539489528307764,1.1638095238095247,0.9733333333333316
R21_r13.glb,21,13,12,2.7333333333333334,1.1060423792458185,1.2061375661375673,1.0325925925925914
R21_r14.glb,21,14,12,2.8666666666666667,1.1579450507503544,1.2467724867724883,1.092763532763532
R21_r15.glb,21,15,12,3,1.2096569673443835,1.2857142857142876,1.1538461538461526
R21_r16.glb,21,16,12,3.1333333333333333,1.2611781290279067,1.3229629629629645,1.215840455840454
R21_r17.glb,21,17,12,3.2666666666666666,1.3125085358009234,1.3585185185185198,1.278746438746437
R21_r18.glb,21,18,12,3.4,1.3636481876634339,1.3923809523809536,1.342564102564101
R21_r19.glb,21,19,12,3.533333333333333,1.4145970846154379,1.4245502645502663,1.4072934472934453
R21_r20.glb,21,20,12,3.6666666666666665,1.4653552266569354,1.4729344729344744,1.4550264550264538
R21_r21.glb,21,21,12,3.8,1.515922613787927,1.539487179487181,1.4838095238095224
R21_r22.glb,21,22,12,3.933333333333333,1.5662992460084117,1.6069515669515686,1.5108994708994694
R21_r23.glb,21,23,12,4.066666666666666,1.6164851233183906,1.675327635327637,1.536296296296294
R21_r24.glb,21,24,12,4.2,1.666480245717863,1.7446153846153862,1.5599999999999987
R21_r25.glb,21,25,12,4.333333333333334,1.716284613206829,1.8148148148148175,1.5820105820105796
R21_r26.glb,21,26,12,4.466666666666667,1.7658982257852887,1.885925925925928,1.6023280423280404
R21_r27.glb,21,27,12,4.6,1.8153210834532416,1.95794871794872,1.6209523809523791
R21_r28.glb,21,28,12,4.733333333333333,1.8645531862106888,2.030883190883193,1.6378835978835955
R21_r29.glb,21,29,12,4.866666666666667,1.9135945340576295,2.1047293447293476,1.653121693121692
R21_r30.glb,21,30,12,5,1.9624451269940635,2.1794871794871824,1.666666666666666
R22_r0.glb,22,0,12.333333333333332,1,0.42559656212768654,0.5396825396825404,0.3418803418803414
R22_r1.glb,22,1,12.333333333333332,1.1333333333333333,0.4815320620417261,0.6044444444444448,0.3913390313390308
R22_r2.glb,22,2,12.333333333333332,1.2666666666666666,0.5372768070452594,0.6675132275132284,0.441709401709401
R22_r3.glb,22,3,12.333333333333332,1.4,0.5928307971382862,0.7288888888888894,0.4929914529914522
R22_r4.glb,22,4,12.333333333333332,1.5333333333333332,0.6481940323208067,0.7885714285714294,0.5451851851851842
R22_r5.glb,22,5,12.333333333333332,1.6666666666666663,0.7033665125928209,0.846560846560847,0.5982905982905972
R22_r6.glb,22,6,12.333333333333332,1.8,0.7583482379543289,0.902857142857144,0.6523076923076917
R22_r7.glb,22,7,12.333333333333332,1.9333333333333331,0.8131392084053304,0.9574603174603188,0.7072364672364665
R22_r8.glb,22,8,12.333333333333332,2.0666666666666664,0.8677394239458255,1.0103703703703717,0.7630769230769223
R22_r9.glb,22,9,12.333333333333332,2.2,0.9221488845758145,1.061587301587303,0.8198290598290586
R22_r10.glb,22,10,12.333333333333332,2.333333333333333,0.97636759029529685,1.1111111111111118,0.8774928774928763
R22_r11.glb,22,11,12.333333333333332,2.466666666666667,1.0303955411042731,1.1589417989418005,0.9360683760683748
R22_r12.glb,22,12,12.333333333333332,2.6,1.084232737002743,1.2050793650793667,0.995555555555554
R22_r13.glb,22,13,12.333333333333332,2.7333333333333334,1.1378791779907063,1.2495238095238104,1.055954415954414
R22_r14.glb,22,14,12.333333333333332,2.8666666666666667,1.1913348640681634,1.2922751322751331,1.1172649572649564
R22_r15.glb,22,15,12.333333333333332,3,1.2445997952351142,1.3333333333333346,1.179487179487178
R22_r16.glb,22,16,12.333333333333332,3.1333333333333333,1.2976739714915586,1.3726984126984136,1.2426210826210806
R22_r17.glb,22,17,12.333333333333332,3.2666666666666666,1.3505573928374968,1.4103703703703712,1.3066666666666644
R22_r18.glb,22,18,12.333333333333332,3.4,1.4032500592729285,1.4463492063492078,1.3716239316239296
R22_r19.glb,22,19,12.333333333333332,3.533333333333333,1.4557519707978537,1.4806349206349214,1.4374928774928757
R22_r20.glb,22,20,12.333333333333332,3.6666666666666665,1.5080631274122727,1.513227513227514,1.5042735042735025
R22_r21.glb,22,21,12.333333333333332,3.8,1.5601835291161854,1.5719658119658135,1.544126984126982
R22_r22.glb,22,22,12.333333333333332,3.933333333333333,1.612113175909592,1.640569800569802,1.5733333333333308
R22_r23.glb,22,23,12.333333333333332,4.066666666666666,1.6638520677924917,1.7100854700854715,1.6008465608465587
R22_r24.glb,22,24,12.333333333333332,4.2,1.7154002047648857,1.7805128205128216,1.6266666666666645
R22_r25.glb,22,25,12.333333333333332,4.333333333333334,1.766757586826773,1.8518518518518536,1.6507936507936487
R22_r26.glb,22,26,12.333333333333332,4.466666666666667,1.817924213978154,1.9241025641025655,1.6732275132275114
R22_r27.glb,22,27,12.333333333333332,4.6,1.8689000862190281,1.9972649572649583,1.693968253968252
R22_r28.glb,22,28,12.333333333333332,4.733333333333333,1.919685203549397,2.071339031339035,1.713015873015871
R22_r29.glb,22,29,12.333333333333332,4.866666666666667,1.970279565969259,2.1463247863247887,1.7303703703703688
R22_r30.glb,22,30,12.333333333333332,5,2.0206831734786146,2.2222222222222245,1.7460317460317445
R23_r0.glb,23,0,12.666666666666666,1,0.43724417142459676,0.5555555555555565,0.35042735042734996
R23_r1.glb,23,1,12.666666666666666,1.1333333333333333,0.4947326859115577,0.622433862433863,0.4010256410256403
R23_r2.glb,23,2,12.666666666666666,1.2666666666666666,0.5520304454880123,0.6876190476190486,0.45253561253561214
R23_r3.glb,23,3,12.666666666666666,1.4,0.6091374501539606,0.751111111111112,0.5049572649572643
R23_r4.glb,23,4,12.666666666666666,1.5333333333333332,0.6660536999094023,0.8129100529100539,0.5582905982905977
R23_r5.glb,23,5,12.666666666666666,1.6666666666666663,0.722779194754338,0.8730158730158736,0.6125356125356116
R23_r6.glb,23,6,12.666666666666666,1.8,0.7793139346887673,0.9314285714285728,0.6676923076923074
R23_r7.glb,23,7,12.666666666666666,1.9333333333333331,0.8356579197126902,0.9881481481481492,0.7237606837606828
R23_r8.glb,23,8,12.666666666666666,2.0666666666666664,0.8918111498261067,1.0431746031746036,0.7807407407407396
R23_r9.glb,23,9,12.666666666666666,2.2,0.947773625029017,1.0965079365079384,0.8386324786324781
R23_r10.glb,23,10,12.666666666666666,2.333333333333333,1.0035453453214205,1.1481481481481497,0.8974358974358968
R23_r11.glb,23,11,12.666666666666666,2.466666666666667,1.0591263107033184,1.198095238095239,0.9571509971509954
R23_r12.glb,23,12,12.666666666666666,2.6,1.1145165211747095,1.2463492063492074,1.0177777777777766
R23_r13.glb,23,13,12.666666666666666,2.7333333333333334,1.1697159767355942,1.2929100529100548,1.079316239316238
R23_r14.glb,23,14,12.666666666666666,2.8666666666666667,1.2247246773859728,1.3377777777777793,1.1417663817663806
R23_r15.glb,23,15,12.666666666666666,3,1.2795426231258449,1.3809523809523825,1.205128205128204
R23_r16.glb,23,16,12.666666666666666,3.1333333333333333,1.3341698139552105,1.422433862433864,1.269401709401708
R23_r17.glb,23,17,12.666666666666666,3.2666666666666666,1.38860624987407,1.4622222222222232,1.3345868945868935
R23_r18.glb,23,18,12.666666666666666,3.4,1.4428519308824233,1.5003174603174616,1.4006837606837592
R23_r19.glb,23,19,12.666666666666666,3.533333333333333,1.49690685698027,1.536719576719578,1.467692307692306
R23_r20.glb,23,20,12.666666666666666,3.6666666666666665,1.5507710281676104,1.5714285714285734,1.535612535612534
R23_r21.glb,23,21,12.666666666666666,3.8,1.6044444444444443,1.6044444444444554,1.6044444444444297
R23_r22.glb,23,22,12.666666666666666,3.933333333333333,1.657927105810772,1.6741880341880353,1.635767195767194
R23_r23.glb,23,23,12.666666666666666,4.066666666666666,1.7112190122665936,1.744843304843307,1.6653968253968237
R23_r24.glb,23,24,12.666666666666666,4.2,1.7643201638119086,1.8164102564102589,1.693333333333332
R23_r25.glb,23,25,12.666666666666666,4.333333333333334,1.8172305604467174,1.8888888888888913,1.7195767195767178
R23_r26.glb,23,26,12.666666666666666,4.466666666666667,1.8699502021710195,1.9622792022792044,1.7441269841269826
R23_r27.glb,23,27,12.666666666666666,4.6,1.9224790889848156,2.036581196581198,1.766984126984125
R23_r28.glb,23,28,12.666666666666666,4.733333333333333,1.9748172208881052,2.1117948717948747,1.7881481481481458
R23_r29.glb,23,29,12.666666666666666,4.866666666666667,2.026964597880889,2.18792022792023,1.807619047619044
R23_r30.glb,23,30,12.666666666666666,5,2.0789212199631653,2.2649572649572662,1.8253968253968225
R24_r0.glb,24,0,13,1,0.448891780721507,0.5714285714285723,0.35897435897435853
R24_r1.glb,24,1,13,1.1333333333333333,0.5079333097813893,0.640423280423281,0.4107122507122501
R24_r2.glb,24,2,13,1.2666666666666666,0.5667840839307653,0.7077248677248688,0.46336182336182247
R24_r3.glb,24,3,13,1.4,0.6254441031696348,0.7733333333333343,0.5169230769230763
R24_r4.glb,24,4,13,1.5333333333333332,0.6839133674979981,0.8372486772486781,0.5713960113960108
R24_r5.glb,24,5,13,1.6666666666666663,0.7421918769158551,0.8994708994709003,0.626780626780626
R24_r6.glb,24,6,13,1.8,0.8002796314232058,0.9600000000000009,0.6830769230769222
R24_r7.glb,24,7,13,1.9333333333333331,0.8581766310200499,1.0188359788359804,0.7402849002848993
R24_r8.glb,24,8,13,2.0666666666666664,0.9158828757063877,1.0759788359788374,0.7984045584045574
R24_r9.glb,24,9,13,2.2,0.9733983654822195,1.1314285714285728,0.8574358974358967
R24_r10.glb,24,10,13,2.333333333333333,1.0307231003475446,1.1851851851851865,0.9173789173789156
R24_r11.glb,24,11,13,2.466666666666667,1.0878570803023635,1.237248677248679,0.978233618233617
R24_r12.glb,24,12,13,2.6,1.144800305346676,1.287619047619049,1.0399999999999987
R24_r13.glb,24,13,13,2.7333333333333334,1.2015527754804822,1.3362962962962976,1.1026780626780617
R24_r14.glb,24,14,13,2.8666666666666667,1.258114490703782,1.383280423280425,1.1662678062678051
R24_r15.glb,24,15,13,3,1.3144854510165755,1.4285714285714304,1.2307692307692295
R24_r16.glb,24,16,13,3.1333333333333333,1.3706656564188626,1.4721693121693138,1.296182336182335
R24_r17.glb,24,17,13,3.2666666666666666,1.4266551069106435,1.5140740740740757,1.3625071225071206
R24_r18.glb,24,18,13,3.4,1.4824538024919178,1.5542857142857165,1.4297435897435873
R24_r19.glb,24,19,13,3.533333333333333,1.538061743162686,1.5928042328042349,1.4978917378917362
R24_r20.glb,24,20,13,3.6666666666666665,1.5934789289229478,1.6296296296296309,1.5669515669515652
R24_r21.glb,24,21,13,3.8,1.648705359772703,1.664761904761906,1.6369230769230751
R24_r22.glb,24,22,13,3.933333333333333,1.7037410357119522,1.70780626780627,1.698201058201057
R24_r23.glb,24,23,13,4.066666666666666,1.758585956740695,1.7796011396011424,1.729947089947088
R24_r24.glb,24,24,13,4.2,1.8132401228589314,1.8523076923076935,1.759999999999998
R24_r25.glb,24,25,13,4.333333333333334,1.8677035340666617,1.9259259259259296,1.788359788359787
R24_r26.glb,24,26,13,4.466666666666667,1.9219761903638852,2.000455840455842,1.8150264550264528
R24_r27.glb,24,27,13,4.6,1.9760580917506025,2.075897435897438,1.8399999999999987
R24_r28.glb,24,28,13,4.733333333333333,2.0299492382268136,2.1522507122507153,1.8632804232804216
R24_r29.glb,24,29,13,4.866666666666667,2.0836496297925184,2.2295156695156724,1.8848677248677228
R24_r30.glb,24,30,13,5,2.137159266447717,2.3076923076923115,1.904761904761903
R25_r0.glb,25,0,13.333333333333332,1,0.46053939001841715,0.5873015873015878,0.3675213675213671
R25_r1.glb,25,1,13.333333333333332,1.1333333333333333,0.5211339336512208,0.6584126984126988,0.4203988603988596
R25_r2.glb,25,2,13.333333333333332,1.2666666666666666,0.5815377223735181,0.7278306878306883,0.47418803418803335
R25_r3.glb,25,3,13.333333333333332,1.4,0.6417507561853091,0.7955555555555562,0.5288888888888882
R25_r4.glb,25,4,13.333333333333332,1.5333333333333332,0.7017730350865937,0.8615873015873026,0.584501424501424
R25_r5.glb,25,5,13.333333333333332,1.6666666666666663,0.761604559077372,0.9259259259259268,0.64102564102564
R25_r6.glb,25,6,13.333333333333332,1.8,0.8212453281576441,0.9885714285714292,0.6984615384615374
R25_r7.glb,25,7,13.333333333333332,1.9333333333333331,0.8806953423274095,1.0495238095238109,0.756809116809116
R25_r8.glb,25,8,13.333333333333332,2.0666666666666664,0.9399546015866688,1.10878306878307,0.8160683760683748
R25_r9.glb,25,9,13.333333333333332,2.2,0.9990231059354218,1.1663492063492076,0.8762393162393151
R25_r10.glb,25,10,13.333333333333332,2.333333333333333,1.0579008553736682,1.2222222222222228,0.9373219373219356
R25_r11.glb,25,11,13.333333333333332,2.466666666666667,1.1165878499014086,1.276402116402118,0.9993162393162384
R25_r12.glb,25,12,13.333333333333332,2.6,1.1750840895186425,1.3288888888888903,1.0622222222222206
R25_r13.glb,25,13,13.333333333333332,2.7333333333333334,1.23338957422537,1.379682539682541,1.1260398860398853
R25_r14.glb,25,14,13.333333333333332,2.8666666666666667,1.2915043040215912,1.4287830687830707,1.1907692307692297
R25_r15.glb,25,15,13.333333333333332,3,1.349428278907306,1.4761904761904778,1.2564102564102555
R25_r16.glb,25,16,13.333333333333332,3.1333333333333333,1.4071614988825145,1.5219047619047632,1.3229629629629611
R25_r17.glb,25,17,13.333333333333332,3.2666666666666666,1.4647039639472166,1.565925925925927,1.390427350427348
R25_r18.glb,25,18,13.333333333333332,3.4,1.5220556741014124,1.60825396825397,1.4588034188034171
R25_r19.glb,25,19,13.333333333333332,3.533333333333333,1.5792166293451018,1.6488888888888906,1.5280911680911664
R25_r20.glb,25,20,13.333333333333332,3.6666666666666665,1.636186829678285,1.6878306878306897,1.5982905982905966
R25_r21.glb,25,21,13.333333333333332,3.8,1.6929662751009618,1.7250793650793663,1.669401709401707
R25_r22.glb,25,22,13.333333333333332,3.933333333333333,1.7495549656131322,1.760634920634922,1.7414245014244991
R25_r23.glb,25,23,13.333333333333332,4.066666666666666,1.8059529012147963,1.814358974358976,1.7944973544973524
R25_r24.glb,25,24,13.333333333333332,4.2,1.8621600819059543,1.8882051282051295,1.826666666666664
R25_r25.glb,25,25,13.333333333333332,4.333333333333334,1.9181765076866057,1.9629629629629644,1.857142857142855
R25_r26.glb,25,26,13.333333333333332,4.466666666666667,1.9740021785567505,2.0386324786324814,1.885925925925923
R25_r27.glb,25,27,13.333333333333332,4.6,2.029637094516389,2.1152136752136768,1.9130158730158704
R25_r28.glb,25,28,13.333333333333332,4.733333333333333,2.085081255565522,2.192706552706555,1.9384126984126953
R25_r29.glb,25,29,13.333333333333332,4.866666666666667,2.140334661704148,2.2711111111111144,1.9621164021164
R25_r30.glb,25,30,13.333333333333332,5,2.1953973129322675,2.350427350427353,1.9841269841269813
R26_r0.glb,26,0,13.666666666666666,1,0.47218699931532737,0.603174603174604,0.3760683760683758
R26_r1.glb,26,1,13.666666666666666,1.1333333333333333,0.5343345575210524,0.676402116402117,0.43008547008546927
R26_r2.glb,26,2,13.666666666666666,1.2666666666666666,0.5962913608162711,0.747936507936509,0.4850142450142445
R26_r3.glb,26,3,13.666666666666666,1.4,0.6580574092009834,0.8177777777777785,0.5408547008547002
R26_r4.glb,26,4,13.666666666666666,1.5333333333333332,0.7196327026751893,0.8859259259259273,0.5976068376068371
R26_r5.glb,26,5,13.666666666666666,1.6666666666666663,0.781017241238889,0.9523809523809528,0.6552706552706541
R26_r6.glb,26,6,13.666666666666666,1.8,0.8422110248920824,1.0171428571428585,0.7138461538461532
R26_r7.glb,26,7,13.666666666666666,1.9333333333333331,0.9032140536347694,1.0802116402116413,0.7733333333333325
R26_r8.glb,26,8,13.666666666666666,2.0666666666666664,0.9640263274669498,1.1415873015873026,0.8337321937321922
R26_r9.glb,26,9,13.666666666666666,2.2,1.0246478463886244,1.201269841269843,0.8950427350427343
R26_r10.glb,26,10,13.666666666666666,2.333333333333333,1.085078610399792,1.2592592592592609,0.9572649572649568
R26_r11.glb,26,11,13.666666666666666,2.466666666666667,1.1453186195004539,1.3155555555555565,1.020398860398859
R26_r12.glb,26,12,13.666666666666666,2.6,1.205367873690609,1.370158730158732,1.0844444444444432
R26_r13.glb,26,13,13.666666666666666,2.7333333333333334,1.265226372970258,1.4230687830687847,1.1494017094017075
R26_r14.glb,26,14,13.666666666666666,2.8666666666666667,1.3248941173394004,1.474285714285716,1.215270655270654
R26_r15.glb,26,15,13.666666666666666,3,1.3843711067980367,1.5238095238095248,1.28205128205128
R26_r16.glb,26,16,13.666666666666666,3.1333333333333333,1.4436573413461664,1.5716402116402135,1.3497435897435883
R26_r17.glb,26,17,13.666666666666666,3.2666666666666666,1.5027528209837901,1.6177777777777798,1.4183475783475774
R26_r18.glb,26,18,13.666666666666666,3.4,1.5616575457109072,1.6622222222222245,1.4878632478632463
R26_r19.glb,26,19,13.666666666666666,3.533333333333333,1.620371515527518,1.7049735449735468,1.5582905982905964
R26_r20.glb,26,20,13.666666666666666,3.6666666666666665,1.6788947304336224,1.746031746031748,1.629629629629627
R26_r21.glb,26,21,13.666666666666666,3.8,1.7372271904292207,1.7853968253968269,1.70188034188034
R26_r22.glb,26,22,13.666666666666666,3.933333333333333,1.7953688955143123,1.8230687830687855,1.7750427350427322
R26_r23.glb,26,23,13.666666666666666,4.066666666666666,1.853319845688898,1.8590476190476208,1.849116809116807
R26_r24.glb,26,24,13.666666666666666,4.2,1.9110800409529771,1.9241025641025664,1.893333333333332
R26_r25.glb,26,25,13.666666666666666,4.333333333333334,1.96864948130655,2.000000000000003,1.925925925925924
R26_r26.glb,26,26,13.666666666666666,4.466666666666667,2.026028166749616,2.076809116809119,1.956825396825395
R26_r27.glb,26,27,13.666666666666666,4.6,2.0832160972821763,2.154529914529917,1.986031746031744
R26_r28.glb,26,28,13.666666666666666,4.733333333333333,2.14021327290423,2.233162393162396,2.0135449735449713
R26_r29.glb,26,29,13.666666666666666,4.866666666666667,2.1970196936157778,2.312706552706555,2.039365079365077
R26_r30.glb,26,30,13.666666666666666,5,2.2536353594168186,2.393162393162395,2.063492063492061
R27_r0.glb,27,0,14,1,0.4838346086122376,0.6190476190476201,0.38461538461538425
R27_r1.glb,27,1,14,1.1333333333333333,0.547535181390884,0.6943915343915352,0.4397720797720789
R27_r2.glb,27,2,14,1.2666666666666666,0.611044999259024,0.7680423280423289,0.49584045584045505
R27_r3.glb,27,3,14,1.4,0.6743640622166577,0.840000000000001,0.552820512820512
R27_r4.glb,27,4,14,1.5333333333333332,0.737492370263785,0.910264550264552,0.6107122507122501
R27_r5.glb,27,5,14,1.6666666666666663,0.8004299234004061,0.9788359788359798,0.6695156695156687
R27_r6.glb,27,6,14,1.8,0.8631767216265208,1.0457142857142865,0.7292307692307683
R27_r7.glb,27,7,14,1.9333333333333331,0.9257327649421291,1.110899470899472,0.7898575498575492
R27_r8.glb,27,8,14,2.0666666666666664,0.9880980533472309,1.1743915343915363,0.8513960113960106
R27_r9.glb,27,9,14,2.2,1.0502725868418268,1.2361904761904785,0.9138461538461524
R27_r10.glb,27,10,14,2.333333333333333,1.1122563654259159,1.2962962962962976,0.9772079772079756
R27_r11.glb,27,11,14,2.466666666666667,1.174049389099499,1.3547089947089963,1.0414814814814808
R27_r12.glb,27,12,14,2.6,1.2356516578625756,1.4114285714285733,1.1066666666666651
R27_r13.glb,27,13,14,2.7333333333333334,1.297063171715146,1.466455026455028,1.1727635327635315
R27_r14.glb,27,14,14,2.8666666666666667,1.3582839306572096,1.5197883597883612,1.2397720797720782
R27_r15.glb,27,15,14,3,1.4193139346887673,1.5714285714285727,1.3076923076923066
R27_r16.glb,27,16,14,3.1333333333333333,1.4801531838098185,1.6213756613756631,1.3765242165242144
R27_r17.glb,27,17,14,3.2666666666666666,1.5408016780203633,1.6696296296296311,1.4462678062678045
R27_r18.glb,27,18,14,3.4,1.601259417320402,1.7161904761904785,1.5169230769230753
R27_r19.glb,27,19,14,3.533333333333333,1.661526401709934,1.7610582010582023,1.588490028490026
R27_r20.glb,27,20,14,3.6666666666666665,1.72160263118896,1.8042328042328055,1.6609686609686587
R27_r21.glb,27,21,14,3.8,1.7814881057574794,1.8457142857142872,1.734358974358973
R27_r22.glb,27,22,14,3.933333333333333,1.8411828254154927,1.8855026455026471,1.8086609686609671
R27_r23.glb,27,23,14,4.066666666666666,1.9006867901629994,1.9235978835978864,1.883874643874641
R27_r24.glb,27,24,14,4.2,1.9600000000000002,1.960000000000016,1.959999999999984
R27_r25.glb,27,25,14,4.333333333333334,2.0191224549264946,2.0370370370370403,1.994708994708992
R27_r26.glb,27,26,14,4.466666666666667,2.0780541549424822,2.114985754985758,2.027724867724866
R27_r27.glb,27,27,14,4.6,2.136795100047963,2.1938461538461573,2.059047619047617
R27_r28.glb,27,28,14,4.733333333333333,2.1953452902429387,2.273618233618237,2.0886772486772465
R27_r29.glb,27,29,14,4.866666666666667,2.2537047255274074,2.3543019943019976,2.116613756613755
R27_r30.glb,27,30,14,5,2.3118734059013697,2.4358974358974392,2.1428571428571397
R28_r0.glb,28,0,14.333333333333332,1,0.49548221790914776,0.6349206349206358,0.39316239316239265
R28_r1.glb,28,1,14.333333333333332,1.1333333333333333,0.5607358052607155,0.712380952380953,0.4494586894586885
R28_r2.glb,28,2,14.333333333333332,1.2666666666666666,0.6257986377017769,0.7881481481481488,0.5066666666666657
R28_r3.glb,28,3,14.333333333333332,1.4,0.6906707152323319,0.862222222222223,0.564786324786324
R28_r4.glb,28,4,14.333333333333332,1.5333333333333332,0.7553520378523806,0.9346031746031758,0.6238176638176631
R28_r5.glb,28,5,14.333333333333332,1.6666666666666663,0.819842605561923,1.0052910052910062,0.6837606837606824
R28_r6.glb,28,6,14.333333333333332,1.8,0.8841424183609592,1.0742857142857152,0.7446153846153836
R28_r7.glb,28,7,14.333333333333332,1.9333333333333331,0.9482514762494887,1.1415873015873026,0.8063817663817658
R28_r8.glb,28,8,14.333333333333332,2.0666666666666664,1.012169779227512,1.2071957671957685,0.869059829059828
R28_r9.glb,28,9,14.333333333333332,2.2,1.0758973272950292,1.2711111111111129,0.9326495726495714
R28_r10.glb,28,10,14.333333333333332,2.333333333333333,1.1394341204520397,1.3333333333333344,0.9971509971509956
R28_r11.glb,28,11,14.333333333333332,2.466666666666667,1.202780158698544,1.3938624338624352,1.0625641025641008
R28_r12.glb,28,12,14.333333333333332,2.6,1.2659354420345421,1.4526984126984142,1.1288888888888886
R28_r13.glb,28,13,14.333333333333332,2.7333333333333334,1.3288999704600337,1.509841269841271,1.1961253561253549
R28_r14.glb,28,14,14.333333333333332,2.8666666666666667,1.3916737439750189,1.5652910052910065,1.264273504273503
R28_r15.glb,28,15,14.333333333333332,3,1.4542567625794978,1.6190476190476208,1.333333333333332
R28_r16.glb,28,16,14.333333333333332,3.1333333333333333,1.5166490262734704,1.6711111111111123,1.4033048433048414
R28_r17.glb,28,17,14.333333333333332,3.2666666666666666,1.5788505350569366,1.7214814814814834,1.4741880341880322
R28_r18.glb,28,18,14.333333333333332,3.4,1.6408612889298966,1.770158730158732,1.5459829059829038
R28_r19.glb,28,19,14.333333333333332,3.533333333333333,1.70268128789235,1.8171428571428585,1.6186894586894576
R28_r20.glb,28,20,14.333333333333332,3.6666666666666665,1.7643105319442973,1.862433862433864,1.6923076923076903
R28_r21.glb,28,21,14.333333333333332,3.8,1.8257490210857381,1.906031746031748,1.7668376068376048
R28_r22.glb,28,22,14.333333333333332,3.933333333333333,1.8869967553166727,1.9479365079365107,1.8422792022792
R28_r23.glb,28,23,14.333333333333332,4.066666666666666,1.9480537346371007,1.98814814814815,1.918632478632476
R28_r24.glb,28,24,14.333333333333332,4.2,2.008919959047023,2.0266666666666686,1.9958974358974328
R28_r25.glb,28,25,14.333333333333332,4.333333333333334,2.0695954285464384,2.0740740740740757,2.063492063492062
R28_r26.glb,28,26,14.333333333333332,4.466666666666667,2.130080143135347,2.153162393162395,2.0986243386243366
R28_r27.glb,28,27,14.333333333333332,4.6,2.19037410281375,2.2331623931623947,2.132063492063488
R28_r28.glb,28,28,14.333333333333332,4.733333333333333,2.250477307581647,2.314074074074077,2.1638095238095207
R28_r29.glb,28,29,14.333333333333332,4.866666666666667,2.310389757439037,2.395897435897438,2.193862433862432
R28_r30.glb,28,30,14.333333333333332,5,2.3701114523859204,2.478632478632481,2.2222222222222197
R29_r0.glb,29,0,14.666666666666666,1,0.5071298272060579,0.6507936507936515,0.4017094017094012
R29_r1.glb,29,1,14.666666666666666,1.1333333333333333,0.5739364291305471,0.7303703703703709,0.4591452991452984
R29_r2.glb,29,2,14.666666666666666,1.2666666666666666,0.6405522761445298,0.8082539682539693,0.5174928774928772
R29_r3.glb,29,3,14.666666666666666,1.4,0.7069773682480063,0.8844444444444458,0.5767521367521367
R29_r4.glb,29,4,14.666666666666666,1.5333333333333332,0.7732117054409763,0.9589417989418004,0.6369230769230759
R29_r5.glb,29,5,14.666666666666666,1.6666666666666663,0.83925528772344,1.0317460317460323,0.6980056980056968
R29_r6.glb,29,6,14.666666666666666,1.8,0.9051081150953975,1.1028571428571443,0.7599999999999991
R29_r7.glb,29,7,14.666666666666666,1.9333333333333331,0.9707701875568485,1.1722751322751348,0.8229059829059808
R29_r8.glb,29,8,14.666666666666666,2.0666666666666664,1.0362415051077931,1.240000000000001,0.8867236467236456
R29_r9.glb,29,9,14.666666666666666,2.2,1.1015220677482316,1.306031746031748,0.9514529914529908
R29_r10.glb,29,10,14.666666666666666,2.333333333333333,1.1666118754781634,1.370370370370372,1.017094017094016
R29_r11.glb,29,11,14.666666666666666,2.466666666666667,1.2315109282975893,1.433015873015874,1.0836467236467218
R29_r12.glb,29,12,14.666666666666666,2.6,1.2962192262065086,1.4939682539682548,1.1511111111111092
R29_r13.glb,29,13,14.666666666666666,2.7333333333333334,1.3607367692049215,1.5532275132275155,1.2194871794871782
R29_r14.glb,29,14,14.666666666666666,2.8666666666666667,1.425063557292828,1.6107936507936529,1.2887749287749268
R29_r15.glb,29,15,14.666666666666666,3,1.4891995904702284,1.6666666666666683,1.3589743589743568
R29_r16.glb,29,16,14.666666666666666,3.1333333333333333,1.5531448687371223,1.7208465608465628,1.4300854700854688
R29_r17.glb,29,17,14.666666666666666,3.2666666666666666,1.61689939209351,1.7733333333333348,1.502108262108261
R29_r18.glb,29,18,14.666666666666666,3.4,1.6804631605393914,1.8241269841269865,1.5750427350427323
R29_r19.glb,29,19,14.666666666666666,3.533333333333333,1.743836174074766,1.873227513227515,1.6488888888888869
R29_r20.glb,29,20,14.666666666666666,3.6666666666666665,1.8070184326996348,1.920634920634922,1.7236467236467214
R29_r21.glb,29,21,14.666666666666666,3.8,1.870009936413997,1.966349206349208,1.7993162393162374
R29_r22.glb,29,22,14.666666666666666,3.933333333333333,1.9328106852178526,2.010370370370373,1.8758974358974323
R29_r23.glb,29,23,14.666666666666666,4.066666666666666,1.9954206791112024,2.052698412698415,1.9533903133903112
R29_r24.glb,29,24,14.666666666666666,4.2,2.0578399180940457,2.0933333333333364,2.0317948717948706
R29_r25.glb,29,25,14.666666666666666,4.333333333333334,2.1200684021663827,2.1322751322751348,2.111111111111109
R29_r26.glb,29,26,14.666666666666666,4.466666666666667,2.182106131328213,2.191339031339033,2.1695238095238074
R29_r27.glb,29,27,14.666666666666666,4.6,2.243953105579537,2.2724786324786357,2.2050793650793623
R29_r28.glb,29,28,14.666666666666666,4.733333333333333,2.305609324920355,2.3545299145299192,2.238941798941797
R29_r29.glb,29,29,14.666666666666666,4.866666666666667,2.3670747893506667,2.437492877492879,2.2711111111111077
R29_r30.glb,29,30,14.666666666666666,5,2.4283494988704715,2.521367521367523,2.301587301587298
R30_r0.glb,30,0,15,1,0.5187774365029683,0.6666666666666672,0.4102564102564099
R30_r1.glb,30,1,15,1.1333333333333333,0.5871370530003788,0.7483597883597888,0.4688319088319083
R30_r2.glb,30,2,15,1.2666666666666666,0.6553059145872827,0.8283597883597891,0.5283190883190872
R30_r3.glb,30,3,15,1.4,0.7232840212636805,0.9066666666666676,0.5887179487179475
R30_r4.glb,30,4,15,1.5333333333333332,0.791071373029572,0.9832804232804246,0.6500284900284892
R30_r5.glb,30,5,15,1.6666666666666663,0.858667969884957,1.058201058201059,0.712250712250712
R30_r6.glb,30,6,15,1.8,0.926073811829836,1.1314285714285728,0.7753846153846145
R30_r7.glb,30,7,15,1.9333333333333331,0.9932888988642083,1.2029629629629643,0.8394301994301986
R30_r8.glb,30,8,15,2.0666666666666664,1.0603132309880743,1.2728042328042342,0.9043874643874636
R30_r9.glb,30,9,15,2.2,1.1271468082014342,1.3409523809523825,0.9702564102564086
R30_r10.glb,30,10,15,2.333333333333333,1.1937896305042872,1.4074074074074086,1.0370370370370354
R30_r11.glb,30,11,15,2.466666666666667,1.2602416978966344,1.4721693121693142,1.104729344729344
R30_r12.glb,30,12,15,2.6,1.3265030103784752,1.5352380952380968,1.1733333333333322
R30_r13.glb,30,13,15,2.7333333333333334,1.3925735679498097,1.5966137566137582,1.242849002849001
R30_r14.glb,30,14,15,2.8666666666666667,1.4584533706106375,1.6562962962962988,1.313276353276352
R30_r15.glb,30,15,15,3,1.524142418360959,1.7142857142857162,1.3846153846153832
R30_r16.glb,30,16,15,3.1333333333333333,1.5896407112007744,1.7705820105820127,1.4568660968660956
R30_r17.glb,30,17,15,3.2666666666666666,1.6549482491300833,1.8251851851851877,1.5300284900284875
R30_r18.glb,30,18,15,3.4,1.720065032148886,1.87809523809524,1.6041025641025624
R30_r19.glb,30,19,15,3.533333333333333,1.7849910602571821,1.9293121693121709,1.6790883190883168
R30_r20.glb,30,20,15,3.6666666666666665,1.8497263334549723,1.9788359788359808,1.7549857549857526
R30_r21.glb,30,21,15,3.8,1.9142708517422558,2.0266666666666686,1.8317948717948696
R30_r22.glb,30,22,15,3.933333333333333,1.978624615119033,2.0728042328042355,1.9095156695156672
R30_r23.glb,30,23,15,4.066666666666666,2.042787623585304,2.11724867724868,1.9881481481481464
R30_r24.glb,30,24,15,4.2,2.1067598771410685,2.1600000000000015,2.0676923076923055
R30_r25.glb,30,25,15,4.333333333333334,2.170541375786327,2.2010582010582036,2.1481481481481475
R30_r26.glb,30,26,15,4.466666666666667,2.2341321195210786,2.2404232804232835,2.2295156695156666
R30_r27.glb,30,27,15,4.6,2.297532108345324,2.311794871794875,2.278095238095236
R30_r28.glb,30,28,15,4.733333333333333,2.3607413422590633,2.3949857549857576,2.3140740740740706
R30_r29.glb,30,29,15,4.866666666666667,2.4237598212622964,2.479088319088322,2.348359788359785
R30_r30.glb,30,30,15,5,2.4865875453550226,2.564102564102568,2.380952380952378
